account,sales_agent,product,engage_date,won_probability
unknown,james_ascencio,mg_advanced,2016-11-03,0.60589546
ganjaflex,maureen_marcano,mg_advanced,2016-11-10,0.47566974
unknown,kami_bicknell,gtx_basic,2016-11-14,0.53711724
unknown,cassey_cress,gtxpro,2016-11-16,0.47650594
unknown,kami_bicknell,gtx_plus_basic,2016-11-19,0.5298777
unknown,hayden_neloms,mg_advanced,2016-11-20,0.4928956
green-plus,maureen_marcano,gtx_basic,2016-11-20,0.55580515
cheers,corliss_cosme,gtx_basic,2016-11-23,0.45487154
unknown,elease_gluck,mg_advanced,2016-11-23,0.52986157
lexiqvolax,markita_hansen,mg_special,2016-11-23,0.6967415
j-texon,daniell_hammack,gtx_plus_basic,2016-11-24,0.58190566
bubba_gump,kami_bicknell,gtx_plus_basic,2016-11-24,0.48343363
opentech,markita_hansen,mg_advanced,2016-11-27,0.77577764
unknown,zane_levy,gtx_basic,2016-12-02,0.64490837
unknown,daniell_hammack,gtx_plus_pro,2016-12-05,0.5404962
unknown,james_ascencio,gtx_basic,2016-12-05,0.56137776
stanredtax,daniell_hammack,gtxpro,2016-12-08,0.5396533
unknown,james_ascencio,mg_advanced,2016-12-08,0.60589546
unknown,kami_bicknell,gtx_plus_basic,2016-12-08,0.5298777
unknown,kary_hendrixson,gtx_plus_pro,2016-12-08,0.5957185
plussunin,cassey_cress,gtxpro,2016-12-10,0.5129949
unknown,cassey_cress,mg_advanced,2016-12-11,0.49871704
unknown,elease_gluck,mg_special,2016-12-11,0.49027997
unknown,rosalina_dieter,mg_advanced,2016-12-12,0.5292492
unknown,kami_bicknell,gtxpro,2016-12-13,0.53600585
unknown,hayden_neloms,mg_advanced,2016-12-14,0.4928956
hottechi,kary_hendrixson,gtx_plus_basic,2016-12-14,0.5053255
unknown,markita_hansen,gtx_basic,2016-12-14,0.64065135
unknown,markita_hansen,mg_special,2016-12-15,0.5942867
genco_pura_olive_oil_company,boris_faz,gtx_plus_pro,2016-12-16,0.39028776
domzoom,daniell_hammack,gtx_basic,2016-12-16,0.47914466
unknown,cassey_cress,gtx_basic,2016-12-17,0.4759856
unknown,corliss_cosme,gtx_plus_pro,2016-12-17,0.60914236
unknown,vicki_laflamme,mg_special,2016-12-17,0.49658194
unknown,cassey_cress,mg_advanced,2016-12-18,0.49871704
plexzap,rosie_papadopoulos,mg_special,2016-12-18,0.53493595
warephase,elease_gluck,gtk_500,2016-12-19,0.5815757
unknown,daniell_hammack,gtx_plus_basic,2016-12-20,0.5377739
blackzim,elease_gluck,gtxpro,2016-12-21,0.46417224
unknown,vicki_laflamme,gtx_basic,2016-12-21,0.5070652
opentech,zane_levy,gtxpro,2016-12-22,0.6884646
unknown,corliss_cosme,gtx_basic,2016-12-23,0.60295653
finhigh,daniell_hammack,gtx_plus_basic,2016-12-23,0.60209286
treequote,maureen_marcano,gtx_basic,2016-12-25,0.5503075
unknown,rosalina_dieter,gtx_basic,2016-12-25,0.5065323
gogozoom,kami_bicknell,mg_advanced,2016-12-26,0.59614724
unknown,kary_hendrixson,gtxpro,2016-12-26,0.5855599
unknown,kary_hendrixson,gtx_basic,2016-12-27,0.58946335
unknown,corliss_cosme,gtxpro,2016-12-28,0.601886
unknown,kary_hendrixson,gtx_basic,2016-12-28,0.58946335
unknown,cassey_cress,gtx_plus_pro,2016-12-29,0.48245162
unknown,kami_bicknell,gtxpro,2016-12-29,0.53600585
unknown,vicki_laflamme,gtx_basic,2016-12-29,0.5070652
unknown,elease_gluck,mg_special,2017-01-01,0.49027997
green-plus,zane_levy,gtx_plus_basic,2017-01-01,0.71901757
dambase,corliss_cosme,gtx_plus_basic,2017-01-02,0.44489762
unknown,corliss_cosme,gtx_plus_basic,2017-01-02,0.5959721
unknown,hayden_neloms,mg_special,2017-01-03,0.43056634
unknown,daniell_hammack,gtx_plus_pro,2017-01-04,0.5404962
unknown,james_ascencio,mg_advanced,2017-01-04,0.60589546
unknown,kary_hendrixson,gtx_basic,2017-01-04,0.58946335
unknown,wilburn_farren,mg_special,2017-01-04,0.6167347
unknown,daniell_hammack,gtx_plus_pro,2017-01-05,0.5404962
unknown,kami_bicknell,mg_advanced,2017-01-05,0.582265
unknown,boris_faz,gtx_plus_pro,2017-01-06,0.42844436
unknown,cassey_cress,gtx_basic,2017-01-07,0.4759856
unknown,corliss_cosme,mg_special,2017-01-07,0.5735737
initech,rosalina_dieter,gtx_basic,2017-01-08,0.42427498
rundofase,violet_mclelland,mg_special,2017-01-08,0.391221
unknown,maureen_marcano,mg_special,2017-01-09,0.5315011
unknown,vicki_laflamme,gtx_plus_pro,2017-01-09,0.5135397
unknown,hayden_neloms,gtx_plus_pro,2017-01-10,0.4352482
unknown,markita_hansen,gtx_basic,2017-01-10,0.64065135
bioholding,markita_hansen,mg_special,2017-01-10,0.58033895
unknown,vicki_laflamme,gtxpro,2017-01-10,0.5169524
unknown,violet_mclelland,gtx_plus_pro,2017-01-10,0.6302595
nam-zim,corliss_cosme,gtxpro,2017-01-11,0.43160814
unknown,corliss_cosme,gtxpro,2017-01-11,0.601886
plusstrip,kami_bicknell,gtx_plus_basic,2017-01-11,0.42225984
unknown,maureen_marcano,gtx_plus_basic,2017-01-12,0.53294045
funholding,violet_mclelland,gtx_basic,2017-01-12,0.6175419
vehement_capital_partners,hayden_neloms,mg_advanced,2017-01-13,0.68135077
iselectrics,james_ascencio,gtxpro,2017-01-13,0.52848136
unknown,vicki_laflamme,mg_special,2017-01-13,0.49658194
codehow,james_ascencio,mg_advanced,2017-01-14,0.547968
scottech,vicki_laflamme,gtx_basic,2017-01-14,0.41299763
zoomit,corliss_cosme,gtx_plus_pro,2017-01-15,0.4176736
inity,corliss_cosme,gtxpro,2017-01-15,0.2947969
mathtouch,elease_gluck,mg_special,2017-01-15,0.40371704
unknown,vicki_laflamme,gtx_basic,2017-01-15,0.5070652
acme_corporation,kami_bicknell,gtx_plus_pro,2017-01-16,0.49326295
unknown,maureen_marcano,mg_special,2017-01-16,0.5315011
warephase,james_ascencio,gtx_plus_basic,2017-01-17,0.38690406
unknown,daniell_hammack,gtx_plus_pro,2017-01-18,0.5404962
unknown,kary_hendrixson,gtxpro,2017-01-18,0.5855599
unknown,vicki_laflamme,mg_special,2017-01-19,0.49658194
globex_corporation,corliss_cosme,gtxpro,2017-01-21,0.50143206
unknown,kami_bicknell,gtx_basic,2017-01-21,0.53711724
unknown,markita_hansen,gtx_basic,2017-01-21,0.64065135
unknown,rosie_papadopoulos,mg_advanced,2017-01-22,0.6176344
unknown,vicki_laflamme,gtx_plus_basic,2017-01-23,0.51080227
unknown,kami_bicknell,gtx_basic,2017-01-24,0.53711724
hatfan,kami_bicknell,gtx_plus_basic,2017-01-24,0.33685967
unknown,vicki_laflamme,gtx_basic,2017-01-24,0.5070652
unknown,wilburn_farren,mg_advanced,2017-01-25,0.6273222
toughzap,corliss_cosme,gtx_plus_basic,2017-01-28,0.49770048
blackzim,james_ascencio,gtxpro,2017-01-28,0.5351069
unknown,maureen_marcano,gtxpro,2017-01-28,0.5390634
konmatfix,zane_levy,mg_special,2017-01-28,0.45405638
unknown,kami_bicknell,mg_advanced,2017-01-29,0.582265
unknown,markita_hansen,gtx_basic,2017-01-29,0.64065135
unknown,maureen_marcano,gtx_plus_basic,2017-01-29,0.53294045
unknown,zane_levy,gtxpro,2017-01-29,0.6413898
unknown,elease_gluck,gtk_500,2017-01-30,0.6326517
unknown,corliss_cosme,gtx_basic,2017-01-31,0.60295653
zathunicon,daniell_hammack,gtx_plus_basic,2017-01-31,0.5615321
unknown,daniell_hammack,gtx_plus_basic,2017-01-31,0.5377739
unknown,violet_mclelland,gtx_plus_basic,2017-01-31,0.614601
unknown,boris_faz,gtx_plus_basic,2017-02-02,0.42861125
unknown,kami_bicknell,gtx_plus_basic,2017-02-02,0.5298777
condax,vicki_laflamme,gtx_plus_basic,2017-02-02,0.44108605
unknown,vicki_laflamme,mg_special,2017-02-03,0.49658194
dontechi,corliss_cosme,gtx_basic,2017-02-04,0.34708712
cheers,hayden_neloms,gtx_plus_basic,2017-02-04,0.4308862
unknown,kary_hendrixson,gtx_plus_pro,2017-02-04,0.5957185
sumace,cassey_cress,gtx_basic,2017-02-05,0.59137315
mathtouch,elease_gluck,mg_special,2017-02-05,0.40371704
unknown,maureen_marcano,mg_special,2017-02-05,0.5315011
unknown,wilburn_farren,gtx_basic,2017-02-05,0.6057584
isdom,hayden_neloms,mg_special,2017-02-06,0.47876924
zoomit,kami_bicknell,gtxpro,2017-02-06,0.41450492
unknown,maureen_marcano,mg_special,2017-02-06,0.5315011
unknown,cassey_cress,gtxpro,2017-02-07,0.47650594
unknown,daniell_hammack,gtxpro,2017-02-07,0.54388773
unknown,elease_gluck,gtk_500,2017-02-07,0.6326517
y-corporation,kami_bicknell,gtx_basic,2017-02-07,0.348148
umbrella_corporation,kami_bicknell,gtxpro,2017-02-07,0.6254897
unknown,maureen_marcano,gtx_plus_basic,2017-02-07,0.53294045
unknown,cassey_cress,gtx_plus_pro,2017-02-08,0.48245162
betatech,cassey_cress,mg_special,2017-02-08,0.39479762
unknown,cassey_cress,mg_advanced,2017-02-08,0.49871704
genco_pura_olive_oil_company,elease_gluck,gtx_basic,2017-02-08,0.42703244
unknown,kami_bicknell,gtx_plus_basic,2017-02-08,0.5298777
unknown,kary_hendrixson,gtxpro,2017-02-08,0.5855599
golddex,boris_faz,mg_advanced,2017-02-10,0.4922683
scotfind,kami_bicknell,gtx_basic,2017-02-10,0.37531975
unknown,james_ascencio,gtx_plus_pro,2017-02-11,0.567747
unknown,kary_hendrixson,gtx_basic,2017-02-11,0.58946335
golddex,rosalina_dieter,mg_advanced,2017-02-11,0.55965835
unknown,hayden_neloms,gtx_plus_basic,2017-02-12,0.43541574
faxquote,james_ascencio,gtx_basic,2017-02-12,0.5773368
cheers,rosalina_dieter,mg_advanced,2017-02-12,0.5662997
unknown,violet_mclelland,mg_special,2017-02-12,0.5790943
opentech,hayden_neloms,mg_advanced,2017-02-13,0.59866905
faxquote,vicki_laflamme,gtxpro,2017-02-13,0.61219025
unknown,violet_mclelland,gtx_basic,2017-02-13,0.6242017
vehement_capital_partners,markita_hansen,gtk_500,2017-02-14,0.8779719
bioholding,markita_hansen,mg_advanced,2017-02-14,0.6723906
unknown,corliss_cosme,gtx_plus_pro,2017-02-15,0.60914236
unknown,kami_bicknell,gtx_plus_pro,2017-02-15,0.5435524
unknown,kary_hendrixson,gtx_basic,2017-02-15,0.58946335
unknown,markita_hansen,gtx_plus_basic,2017-02-15,0.6440866
unknown,maureen_marcano,gtx_basic,2017-02-15,0.54017377
unknown,maureen_marcano,mg_advanced,2017-02-15,0.58888155
unknown,zane_levy,gtx_basic,2017-02-15,0.64490837
unknown,james_ascencio,gtx_plus_basic,2017-02-16,0.55420274
labdrill,kary_hendrixson,gtx_basic,2017-02-16,0.43123806
unknown,kary_hendrixson,gtxpro,2017-02-16,0.5855599
unknown,rosie_papadopoulos,gtx_basic,2017-02-16,0.60747683
unknown,zane_levy,gtx_basic,2017-02-16,0.64490837
betasoloin,elease_gluck,mg_special,2017-02-17,0.4866338
unknown,vicki_laflamme,mg_advanced,2017-02-17,0.5361372
unknown,cassey_cress,mg_special,2017-02-18,0.47720602
unknown,daniell_hammack,mg_special,2017-02-19,0.5066864
faxquote,kami_bicknell,gtx_basic,2017-02-19,0.5532566
unknown,markita_hansen,gtx_plus_basic,2017-02-19,0.6440866
unknown,markita_hansen,mg_advanced,2017-02-19,0.6760347
unknown,vicki_laflamme,mg_advanced,2017-02-19,0.5361372
unknown,zane_levy,gtx_basic,2017-02-19,0.64490837
donquadtech,kary_hendrixson,gtx_plus_basic,2017-02-20,0.47194612
unknown,vicki_laflamme,gtxpro,2017-02-20,0.5169524
unknown,wilburn_farren,mg_advanced,2017-02-20,0.6273222
unknown,boris_faz,gtxpro,2017-02-21,0.43465102
newex,markita_hansen,mg_advanced,2017-02-21,0.6401944
unknown,maureen_marcano,gtx_plus_pro,2017-02-21,0.5466023
goodsilron,violet_mclelland,gtxpro,2017-02-21,0.43618342
fasehatice,daniell_hammack,gtx_basic,2017-02-22,0.6179962
unknown,hayden_neloms,mg_advanced,2017-02-22,0.4928956
unknown,rosalina_dieter,gtx_basic,2017-02-22,0.5065323
rundofase,vicki_laflamme,gtx_basic,2017-02-22,0.40599215
unknown,corliss_cosme,gtx_basic,2017-02-23,0.60295653
unknown,kami_bicknell,mg_advanced,2017-02-23,0.582265
unknown,maureen_marcano,gtxpro,2017-02-23,0.5390634
unknown,cassey_cress,gtx_basic,2017-02-24,0.4759856
unknown,corliss_cosme,gtx_basic,2017-02-24,0.60295653
unknown,kami_bicknell,gtxpro,2017-02-24,0.53600585
unknown,markita_hansen,gtxpro,2017-02-24,0.6498867
unknown,boris_faz,gtx_plus_pro,2017-02-25,0.42844436
unknown,james_ascencio,gtx_plus_pro,2017-02-25,0.567747
unknown,violet_mclelland,mg_advanced,2017-02-25,0.6400914
unknown,wilburn_farren,gtx_plus_pro,2017-02-25,0.61192876
unknown,zane_levy,gtx_plus_basic,2017-02-25,0.6355278
blackzim,kary_hendrixson,gtx_plus_pro,2017-02-26,0.5856203
unknown,maureen_marcano,gtx_plus_basic,2017-02-26,0.53294045
unknown,maureen_marcano,gtx_plus_basic,2017-02-26,0.53294045
bluth_company,maureen_marcano,mg_advanced,2017-02-26,0.64608586
unknown,zane_levy,gtx_plus_basic,2017-02-26,0.6355278
y-corporation,daniell_hammack,gtx_plus_basic,2017-02-27,0.43074355
unknown,hayden_neloms,mg_advanced,2017-02-27,0.4928956
unknown,maureen_marcano,gtx_plus_basic,2017-02-27,0.53294045
unknown,rosalina_dieter,mg_special,2017-02-27,0.5127992
unknown,james_ascencio,gtx_plus_pro,2017-02-28,0.567747
bioplex,maureen_marcano,mg_special,2017-02-28,0.38644394
kinnamplus,boris_faz,mg_special,2017-03-01,0.33231992
unknown,corliss_cosme,gtxpro,2017-03-01,0.601886
xx-holding,violet_mclelland,gtx_basic,2017-03-01,0.55722064
unknown,zane_levy,gtxpro,2017-03-01,0.6413898
unknown,elease_gluck,mg_advanced,2017-03-02,0.52986157
unknown,rosalina_dieter,gtx_basic,2017-03-02,0.5065323
rantouch,vicki_laflamme,gtx_basic,2017-03-02,0.5408685
unknown,vicki_laflamme,gtx_basic,2017-03-02,0.5070652
unknown,vicki_laflamme,mg_special,2017-03-02,0.49658194
unknown,zane_levy,gtx_basic,2017-03-02,0.64490837
globex_corporation,cassey_cress,gtxpro,2017-03-03,0.44913098
unknown,kary_hendrixson,gtxpro,2017-03-03,0.5855599
unknown,vicki_laflamme,mg_special,2017-03-03,0.49658194
unknown,wilburn_farren,gtx_plus_pro,2017-03-03,0.61192876
unknown,zane_levy,gtx_basic,2017-03-03,0.64490837
unknown,cassey_cress,mg_advanced,2017-03-04,0.49871704
unknown,daniell_hammack,gtx_basic,2017-03-04,0.53405493
acme_corporation,zane_levy,gtxpro,2017-03-04,0.651434
unknown,zane_levy,gtxpro,2017-03-04,0.6413898
unknown,cassey_cress,mg_advanced,2017-03-05,0.49871704
unknown,daniell_hammack,gtx_basic,2017-03-05,0.53405493
unknown,kami_bicknell,gtx_basic,2017-03-05,0.53711724
blackzim,markita_hansen,mg_special,2017-03-05,0.60861
bioplex,rosie_papadopoulos,mg_special,2017-03-05,0.40073383
newex,violet_mclelland,mg_advanced,2017-03-05,0.4706087
unknown,cassey_cress,gtx_basic,2017-03-06,0.4759856
unknown,kary_hendrixson,mg_special,2017-03-06,0.557381
unknown,rosie_papadopoulos,gtx_plus_basic,2017-03-06,0.5886785
warephase,violet_mclelland,mg_special,2017-03-06,0.38366255
unknown,boris_faz,gtx_basic,2017-03-07,0.42211175
unknown,boris_faz,gtx_plus_basic,2017-03-07,0.42861125
unknown,james_ascencio,gtx_plus_basic,2017-03-07,0.55420274
dontechi,kary_hendrixson,gtx_basic,2017-03-07,0.35446224
blackzim,maureen_marcano,gtx_plus_basic,2017-03-07,0.517463
dalttechnology,vicki_laflamme,gtx_basic,2017-03-07,0.42739552
unknown,wilburn_farren,gtx_plus_basic,2017-03-07,0.59879047
unknown,wilburn_farren,mg_advanced,2017-03-07,0.6273222
unknown,zane_levy,gtxpro,2017-03-07,0.6413898
silis,markita_hansen,gtx_basic,2017-03-08,0.8695325
unknown,corliss_cosme,gtx_plus_basic,2017-03-09,0.5959721
mathtouch,daniell_hammack,gtx_basic,2017-03-09,0.42602003
unknown,daniell_hammack,gtx_basic,2017-03-09,0.53405493
zotware,james_ascencio,mg_special,2017-03-09,0.3303781
unknown,james_ascencio,mg_advanced,2017-03-09,0.60589546
unknown,violet_mclelland,mg_special,2017-03-09,0.5790943
unknown,james_ascencio,gtx_plus_pro,2017-03-10,0.567747
unknown,kary_hendrixson,gtx_basic,2017-03-10,0.58946335
unknown,kary_hendrixson,gtx_basic,2017-03-10,0.58946335
inity,rosie_papadopoulos,mg_special,2017-03-10,0.3010227
unknown,james_ascencio,mg_advanced,2017-03-11,0.60589546
unknown,zane_levy,mg_special,2017-03-11,0.58579355
finjob,cassey_cress,gtx_basic,2017-03-12,0.36438027
hatfan,hayden_neloms,mg_special,2017-03-12,0.36112314
unknown,kami_bicknell,gtxpro,2017-03-12,0.53600585
unknown,cassey_cress,mg_advanced,2017-03-13,0.49871704
sumace,elease_gluck,mg_special,2017-03-13,0.5629119
unknown,markita_hansen,gtx_basic,2017-03-13,0.64065135
unknown,boris_faz,gtx_plus_basic,2017-03-14,0.42861125
unknown,daniell_hammack,gtxpro,2017-03-14,0.54388773
unknown,hayden_neloms,mg_advanced,2017-03-14,0.4928956
the_new_york_inquirer,markita_hansen,gtx_basic,2017-03-14,0.66053563
unknown,markita_hansen,gtx_plus_pro,2017-03-14,0.64659417
blackzim,elease_gluck,gtx_basic,2017-03-15,0.46412298
unknown,kary_hendrixson,gtxpro,2017-03-15,0.5855599
unknown,wilburn_farren,gtx_plus_basic,2017-03-15,0.59879047
unknown,boris_faz,gtx_plus_basic,2017-03-16,0.42861125
unknown,daniell_hammack,gtx_plus_pro,2017-03-16,0.5404962
iselectrics,kami_bicknell,gtx_basic,2017-03-16,0.50512624
konex,kami_bicknell,gtx_plus_basic,2017-03-16,0.36177644
unknown,markita_hansen,gtxpro,2017-03-16,0.6498867
unknown,rosie_papadopoulos,gtx_plus_pro,2017-03-16,0.6136373
unknown,corliss_cosme,gtx_basic,2017-03-17,0.60295653
konmatfix,corliss_cosme,gtx_plus_basic,2017-03-17,0.379568
unknown,hayden_neloms,gtx_plus_basic,2017-03-17,0.43541574
unknown,kary_hendrixson,gtx_plus_pro,2017-03-17,0.5957185
finhigh,rosalina_dieter,gtx_plus_pro,2017-03-17,0.60408056
unknown,vicki_laflamme,gtx_plus_pro,2017-03-17,0.5135397
unknown,violet_mclelland,gtx_basic,2017-03-17,0.6242017
unknown,violet_mclelland,mg_special,2017-03-17,0.5790943
unknown,violet_mclelland,mg_special,2017-03-17,0.5790943
unknown,james_ascencio,gtx_basic,2017-03-18,0.56137776
unknown,maureen_marcano,gtx_basic,2017-03-18,0.54017377
unknown,rosalina_dieter,mg_advanced,2017-03-18,0.5292492
rangreen,rosie_papadopoulos,mg_advanced,2017-03-18,0.4906762
unknown,vicki_laflamme,mg_special,2017-03-18,0.49658194
nam-zim,cassey_cress,gtx_plus_basic,2017-03-19,0.38807786
unknown,daniell_hammack,gtx_plus_basic,2017-03-19,0.5377739
unknown,kary_hendrixson,gtx_basic,2017-03-19,0.58946335
unknown,zane_levy,gtxpro,2017-03-19,0.6413898
plexzap,corliss_cosme,gtx_basic,2017-03-20,0.52981514
unknown,maureen_marcano,gtx_plus_basic,2017-03-20,0.53294045
rangreen,boris_faz,gtx_plus_basic,2017-03-21,0.37298065
unknown,wilburn_farren,mg_advanced,2017-03-21,0.6273222
unknown,cassey_cress,gtxpro,2017-03-22,0.47650594
unknown,daniell_hammack,mg_special,2017-03-22,0.5066864
statholdings,elease_gluck,mg_special,2017-03-22,0.5000979
unknown,kami_bicknell,gtx_basic,2017-03-22,0.53711724
unknown,markita_hansen,mg_advanced,2017-03-22,0.6760347
unknown,violet_mclelland,gtxpro,2017-03-22,0.6204159
unknown,zane_levy,gtx_basic,2017-03-22,0.64490837
blackzim,cassey_cress,gtx_basic,2017-03-23,0.451457
unknown,kary_hendrixson,gtxpro,2017-03-23,0.5855599
unknown,cassey_cress,gtx_plus_pro,2017-03-24,0.48245162
singletechno,cassey_cress,mg_advanced,2017-03-24,0.5751352
unknown,corliss_cosme,gtx_basic,2017-03-24,0.60295653
unknown,hayden_neloms,mg_advanced,2017-03-24,0.4928956
unknown,kary_hendrixson,gtx_plus_pro,2017-03-24,0.5957185
unknown,vicki_laflamme,mg_special,2017-03-24,0.49658194
unknown,zane_levy,gtx_plus_pro,2017-03-24,0.6508191
unknown,cassey_cress,mg_advanced,2017-03-25,0.49871704
unknown,daniell_hammack,gtxpro,2017-03-25,0.54388773
unknown,kami_bicknell,gtx_basic,2017-03-25,0.53711724
unknown,kary_hendrixson,gtx_plus_basic,2017-03-25,0.579573
unknown,maureen_marcano,mg_advanced,2017-03-25,0.58888155
iselectrics,violet_mclelland,mg_advanced,2017-03-25,0.58486295
finhigh,wilburn_farren,gtx_basic,2017-03-25,0.61135656
unknown,hayden_neloms,mg_advanced,2017-03-26,0.4928956
unknown,james_ascencio,gtxpro,2017-03-26,0.5602769
unknown,james_ascencio,mg_special,2017-03-26,0.55277395
statholdings,kary_hendrixson,gtx_plus_pro,2017-03-26,0.55168945
donware,vicki_laflamme,gtx_plus_basic,2017-03-27,0.44621632
scottech,maureen_marcano,mg_special,2017-03-28,0.49134722
unknown,vicki_laflamme,mg_special,2017-03-28,0.49658194
unknown,vicki_laflamme,mg_special,2017-03-28,0.49658194
unknown,vicki_laflamme,mg_special,2017-03-28,0.49658194
unknown,kami_bicknell,gtx_basic,2017-03-29,0.53711724
funholding,kary_hendrixson,gtxpro,2017-03-29,0.7006246
finjob,rosie_papadopoulos,gtx_basic,2017-03-30,0.40435368
unknown,vicki_laflamme,gtx_basic,2017-03-30,0.5070652
zumgoity,zane_levy,gtx_basic,2017-03-30,0.49499536
cancity,cassey_cress,gtxpro,2017-03-31,0.43523163
green-plus,corliss_cosme,gtx_basic,2017-03-31,0.5368765
inity,elease_gluck,mg_special,2017-03-31,0.31174177
unknown,kary_hendrixson,gtx_plus_pro,2017-03-31,0.5957185
unknown,kary_hendrixson,mg_special,2017-03-31,0.557381
unknown,vicki_laflamme,gtxpro,2017-03-31,0.5169524
unknown,violet_mclelland,mg_advanced,2017-03-31,0.6400914
unknown,cassey_cress,mg_special,2017-04-01,0.47720602
scotfind,daniell_hammack,gtxpro,2017-04-01,0.47958612
unknown,hayden_neloms,mg_advanced,2017-04-01,0.4928956
iselectrics,kary_hendrixson,gtx_basic,2017-04-01,0.5426163
sunnamplex,rosie_papadopoulos,mg_advanced,2017-04-01,0.4847801
kinnamplus,vicki_laflamme,gtxpro,2017-04-01,0.43110162
unknown,boris_faz,mg_advanced,2017-04-02,0.47936776
unknown,james_ascencio,gtx_plus_pro,2017-04-02,0.567747
unknown,kami_bicknell,gtxpro,2017-04-02,0.53600585
unknown,markita_hansen,gtxpro,2017-04-02,0.6498867
unknown,cassey_cress,gtx_plus_basic,2017-04-03,0.47036847
unknown,cassey_cress,gtx_plus_pro,2017-04-03,0.48245162
unknown,elease_gluck,gtxpro,2017-04-03,0.5106541
unknown,hayden_neloms,gtx_plus_basic,2017-04-03,0.43541574
green-plus,markita_hansen,gtx_basic,2017-04-03,0.7116139
iselectrics,markita_hansen,gtx_basic,2017-04-03,0.6295189
unknown,vicki_laflamme,mg_special,2017-04-03,0.49658194
unknown,wilburn_farren,mg_special,2017-04-03,0.6167347
unknown,corliss_cosme,gtx_plus_pro,2017-04-04,0.60914236
unknown,elease_gluck,mg_special,2017-04-04,0.49027997
unknown,markita_hansen,gtx_plus_basic,2017-04-04,0.6440866
unknown,maureen_marcano,gtx_plus_pro,2017-04-04,0.5466023
unknown,markita_hansen,mg_special,2017-04-05,0.5942867
unknown,zane_levy,gtx_basic,2017-04-05,0.64490837
unknown,daniell_hammack,mg_advanced,2017-04-06,0.56290734
unknown,elease_gluck,gtk_500,2017-04-06,0.6326517
unknown,elease_gluck,mg_special,2017-04-06,0.49027997
unknown,hayden_neloms,mg_advanced,2017-04-06,0.4928956
unknown,kami_bicknell,gtx_plus_basic,2017-04-06,0.5298777
unknown,boris_faz,gtxpro,2017-04-07,0.43465102
unknown,corliss_cosme,mg_advanced,2017-04-07,0.6340179
unknown,kary_hendrixson,gtx_basic,2017-04-07,0.58946335
unknown,kary_hendrixson,mg_advanced,2017-04-07,0.6058944
unknown,vicki_laflamme,gtx_basic,2017-04-07,0.5070652
unknown,cassey_cress,gtxpro,2017-04-08,0.47650594
y-corporation,daniell_hammack,gtx_plus_pro,2017-04-08,0.43342158
unknown,markita_hansen,mg_advanced,2017-04-08,0.6760347
unknown,vicki_laflamme,gtxpro,2017-04-08,0.5169524
unknown,corliss_cosme,mg_advanced,2017-04-09,0.6340179
unknown,violet_mclelland,mg_special,2017-04-09,0.5790943
zencorporation,zane_levy,gtx_plus_basic,2017-04-09,0.54188806
unknown,hayden_neloms,mg_advanced,2017-04-10,0.4928956
funholding,markita_hansen,mg_advanced,2017-04-10,0.8334193
unknown,zane_levy,mg_advanced,2017-04-10,0.6695054
unknown,kary_hendrixson,gtx_plus_basic,2017-04-11,0.579573
unknown,violet_mclelland,mg_special,2017-04-11,0.5790943
genco_pura_olive_oil_company,boris_faz,gtx_plus_basic,2017-04-12,0.3949627
rangreen,corliss_cosme,gtx_plus_pro,2017-04-12,0.3868689
unknown,kary_hendrixson,gtxpro,2017-04-12,0.5855599
dontechi,rosalina_dieter,mg_special,2017-04-12,0.39407313
unknown,vicki_laflamme,mg_special,2017-04-12,0.49658194
lexiqvolax,vicki_laflamme,mg_advanced,2017-04-12,0.5861365
unknown,kami_bicknell,gtxpro,2017-04-13,0.53600585
unknown,zane_levy,gtx_basic,2017-04-13,0.64490837
unknown,zane_levy,mg_advanced,2017-04-13,0.6695054
unknown,kami_bicknell,gtxpro,2017-04-14,0.53600585
unknown,markita_hansen,gtx_basic,2017-04-14,0.64065135
unknown,markita_hansen,mg_special,2017-04-14,0.5942867
unknown,kami_bicknell,gtx_plus_basic,2017-04-15,0.5298777
unknown,kary_hendrixson,gtx_basic,2017-04-15,0.58946335
plusstrip,violet_mclelland,mg_special,2017-04-15,0.41717756
unknown,kary_hendrixson,gtxpro,2017-04-16,0.5855599
unknown,vicki_laflamme,gtxpro,2017-04-16,0.5169524
unknown,elease_gluck,mg_special,2017-04-17,0.49027997
unknown,james_ascencio,gtx_basic,2017-04-17,0.56137776
unknown,kary_hendrixson,gtx_plus_pro,2017-04-17,0.5957185
unknown,kary_hendrixson,gtxpro,2017-04-17,0.5855599
blackzim,markita_hansen,gtx_basic,2017-04-17,0.67118573
unknown,rosalina_dieter,gtx_basic,2017-04-17,0.5065323
unknown,rosalina_dieter,gtxpro,2017-04-17,0.5070538
xx-zobam,elease_gluck,gtk_500,2017-04-18,0.68327314
unknown,james_ascencio,mg_advanced,2017-04-18,0.60589546
opentech,kary_hendrixson,gtx_plus_pro,2017-04-18,0.6356431
unknown,maureen_marcano,gtx_plus_basic,2017-04-18,0.53294045
unknown,rosie_papadopoulos,gtx_plus_pro,2017-04-18,0.6136373
unknown,vicki_laflamme,mg_special,2017-04-18,0.49658194
unknown,vicki_laflamme,mg_advanced,2017-04-18,0.5361372
unknown,violet_mclelland,mg_special,2017-04-18,0.5790943
unknown,violet_mclelland,mg_special,2017-04-18,0.5790943
unknown,boris_faz,gtx_basic,2017-04-19,0.42211175
unknown,corliss_cosme,gtx_basic,2017-04-19,0.60295653
unknown,hayden_neloms,mg_advanced,2017-04-19,0.4928956
betasoloin,rosie_papadopoulos,gtxpro,2017-04-19,0.51146775
hottechi,zane_levy,gtx_basic,2017-04-19,0.61229694
unknown,kami_bicknell,mg_special,2017-04-20,0.5284373
unknown,kary_hendrixson,gtx_basic,2017-04-20,0.58946335
unknown,cassey_cress,gtx_plus_basic,2017-04-21,0.47036847
betatech,rosie_papadopoulos,mg_advanced,2017-04-21,0.49948198
unknown,vicki_laflamme,gtxpro,2017-04-21,0.5169524
unknown,maureen_marcano,mg_special,2017-04-22,0.5315011
unknown,violet_mclelland,gtx_basic,2017-04-22,0.6242017
unknown,violet_mclelland,mg_special,2017-04-22,0.5790943
unknown,james_ascencio,mg_special,2017-04-23,0.55277395
unknown,markita_hansen,mg_advanced,2017-04-23,0.6760347
unknown,rosalina_dieter,mg_special,2017-04-23,0.5127992
unknown,corliss_cosme,mg_advanced,2017-04-24,0.6340179
unknown,hayden_neloms,mg_advanced,2017-04-24,0.4928956
unknown,kami_bicknell,gtx_plus_basic,2017-04-24,0.5298777
unknown,vicki_laflamme,mg_special,2017-04-24,0.49658194
unknown,vicki_laflamme,mg_special,2017-04-24,0.49658194
unknown,boris_faz,gtx_plus_basic,2017-04-25,0.42861125
unknown,cassey_cress,gtxpro,2017-04-25,0.47650594
unknown,hayden_neloms,gtx_plus_basic,2017-04-25,0.43541574
unknown,maureen_marcano,gtxpro,2017-04-25,0.5390634
unknown,violet_mclelland,gtx_plus_basic,2017-04-25,0.614601
unknown,wilburn_farren,gtx_basic,2017-04-25,0.6057584
unknown,corliss_cosme,gtx_plus_pro,2017-04-26,0.60914236
unknown,daniell_hammack,mg_advanced,2017-04-26,0.56290734
unknown,zane_levy,gtx_basic,2017-04-26,0.64490837
unknown,daniell_hammack,gtx_plus_pro,2017-04-27,0.5404962
unknown,wilburn_farren,mg_special,2017-04-27,0.6167347
inity,kami_bicknell,gtx_basic,2017-04-28,0.26855558
donquadtech,vicki_laflamme,gtx_plus_pro,2017-04-28,0.44140673
unknown,cassey_cress,mg_special,2017-04-29,0.47720602
unknown,elease_gluck,gtx_basic,2017-04-29,0.50076246
betasoloin,hayden_neloms,mg_special,2017-04-29,0.43635914
toughzap,kary_hendrixson,mg_advanced,2017-04-29,0.5584633
massive_dynamic,maureen_marcano,gtxpro,2017-04-29,0.4142717
unknown,violet_mclelland,gtx_plus_basic,2017-04-29,0.614601
unknown,daniell_hammack,gtx_plus_pro,2017-04-30,0.5404962
unknown,rosalina_dieter,gtx_basic,2017-04-30,0.5065323
unknown,boris_faz,gtx_plus_pro,2017-05-01,0.42844436
zencorporation,corliss_cosme,gtx_basic,2017-05-01,0.49028793
statholdings,james_ascencio,gtx_plus_pro,2017-05-01,0.52530015
bluth_company,kami_bicknell,gtx_basic,2017-05-01,0.5580601
unknown,kary_hendrixson,gtxpro,2017-05-01,0.5855599
domzoom,markita_hansen,mg_advanced,2017-05-01,0.68446386
unknown,maureen_marcano,gtx_plus_pro,2017-05-01,0.5466023
unknown,vicki_laflamme,gtx_plus_pro,2017-05-01,0.5135397
umbrella_corporation,zane_levy,mg_advanced,2017-05-01,0.7626471
unknown,boris_faz,gtx_plus_basic,2017-05-02,0.42861125
unknown,boris_faz,gtx_plus_basic,2017-05-02,0.42861125
unknown,rosalina_dieter,mg_special,2017-05-02,0.5127992
unknown,zane_levy,gtx_plus_pro,2017-05-02,0.6508191
inity,cassey_cress,gtxpro,2017-05-03,0.26740664
unknown,markita_hansen,gtx_plus_pro,2017-05-03,0.64659417
groovestreet,violet_mclelland,mg_special,2017-05-03,0.50550807
unknown,wilburn_farren,mg_advanced,2017-05-04,0.6273222
xx-holding,cassey_cress,gtx_plus_basic,2017-05-05,0.5297856
vehement_capital_partners,kary_hendrixson,gtx_plus_basic,2017-05-05,0.7254102
the_new_york_inquirer,markita_hansen,gtx_basic,2017-05-05,0.66053563
unknown,markita_hansen,gtx_basic,2017-05-05,0.64065135
ganjaflex,corliss_cosme,gtx_plus_pro,2017-05-06,0.46438324
initech,kary_hendrixson,gtx_basic,2017-05-06,0.4794708
unknown,markita_hansen,gtx_plus_basic,2017-05-06,0.6440866
golddex,vicki_laflamme,gtx_plus_pro,2017-05-06,0.5156853
unknown,vicki_laflamme,gtxpro,2017-05-06,0.5169524
plussunin,corliss_cosme,gtx_plus_basic,2017-05-07,0.58130306
unknown,corliss_cosme,gtxpro,2017-05-07,0.601886
unknown,markita_hansen,gtx_plus_pro,2017-05-07,0.64659417
unknown,rosalina_dieter,mg_advanced,2017-05-07,0.5292492
unknown,violet_mclelland,mg_advanced,2017-05-07,0.6400914
unknown,maureen_marcano,gtx_plus_basic,2017-05-08,0.53294045
hatfan,zane_levy,gtxpro,2017-05-08,0.46553472
unknown,boris_faz,gtx_plus_basic,2017-05-09,0.42861125
unknown,boris_faz,mg_advanced,2017-05-09,0.47936776
unknown,markita_hansen,gtk_500,2017-05-09,0.76903725
groovestreet,markita_hansen,gtx_basic,2017-05-09,0.64029074
donquadtech,maureen_marcano,gtx_plus_basic,2017-05-09,0.4466669
unknown,rosie_papadopoulos,gtxpro,2017-05-09,0.59462655
rangreen,zane_levy,gtx_basic,2017-05-09,0.490342
unknown,kami_bicknell,gtx_basic,2017-05-10,0.53711724
unknown,kami_bicknell,gtx_basic,2017-05-10,0.53711724
conecom,vicki_laflamme,gtx_basic,2017-05-10,0.45574152
bubba_gump,boris_faz,gtx_basic,2017-05-11,0.41559345
zencorporation,cassey_cress,gtx_basic,2017-05-11,0.37457022
unknown,corliss_cosme,mg_special,2017-05-11,0.5735737
unknown,kami_bicknell,gtx_basic,2017-05-11,0.53711724
bioholding,kary_hendrixson,gtx_basic,2017-05-11,0.49493045
sonron,maureen_marcano,gtx_plus_pro,2017-05-11,0.56263924
unknown,vicki_laflamme,gtx_plus_pro,2017-05-11,0.5135397
unknown,corliss_cosme,mg_advanced,2017-05-13,0.6340179
faxquote,hayden_neloms,mg_advanced,2017-05-13,0.606986
toughzap,boris_faz,mg_advanced,2017-05-14,0.46211687
unknown,cassey_cress,gtx_plus_basic,2017-05-14,0.47036847
kinnamplus,james_ascencio,gtx_plus_pro,2017-05-14,0.4973669
unknown,maureen_marcano,gtx_basic,2017-05-14,0.54017377
opentech,maureen_marcano,gtx_plus_basic,2017-05-14,0.56860864
unknown,vicki_laflamme,gtx_basic,2017-05-14,0.5070652
unknown,wilburn_farren,gtxpro,2017-05-14,0.60469055
condax,cassey_cress,mg_advanced,2017-05-15,0.44542733
labdrill,daniell_hammack,gtx_plus_pro,2017-05-15,0.501371
unknown,elease_gluck,mg_special,2017-05-15,0.49027997
unknown,kary_hendrixson,gtx_basic,2017-05-15,0.58946335
unknown,rosalina_dieter,mg_advanced,2017-05-15,0.5292492
unknown,corliss_cosme,mg_advanced,2017-05-16,0.6340179
unknown,elease_gluck,gtx_basic,2017-05-16,0.50076246
unknown,rosalina_dieter,gtx_plus_basic,2017-05-16,0.5008994
unknown,rosie_papadopoulos,gtx_basic,2017-05-16,0.60747683
unknown,cassey_cress,gtx_plus_basic,2017-05-17,0.47036847
unknown,elease_gluck,gtx_plus_pro,2017-05-17,0.5072393
xx-holding,kary_hendrixson,mg_advanced,2017-05-17,0.6539336
labdrill,markita_hansen,gtxpro,2017-05-17,0.6041705
donquadtech,corliss_cosme,gtx_basic,2017-05-18,0.45934445
funholding,hayden_neloms,gtx_plus_pro,2017-05-18,0.62275505
unknown,hayden_neloms,mg_advanced,2017-05-18,0.4928956
donquadtech,james_ascencio,gtx_plus_pro,2017-05-18,0.46361935
unknown,james_ascencio,gtx_plus_pro,2017-05-18,0.567747
groovestreet,kary_hendrixson,gtx_plus_basic,2017-05-18,0.555407
unknown,markita_hansen,gtk_500,2017-05-18,0.76903725
unknown,rosalina_dieter,mg_special,2017-05-18,0.5127992
unknown,wilburn_farren,mg_special,2017-05-18,0.6167347
unknown,zane_levy,gtx_basic,2017-05-18,0.64490837
globex_corporation,kami_bicknell,gtx_basic,2017-05-19,0.43090957
unknown,kary_hendrixson,gtx_plus_basic,2017-05-19,0.579573
unknown,violet_mclelland,mg_advanced,2017-05-19,0.6400914
unknown,boris_faz,gtx_plus_pro,2017-05-20,0.42844436
unknown,corliss_cosme,gtxpro,2017-05-20,0.601886
treequote,corliss_cosme,gtx_basic,2017-05-21,0.5692143
unknown,kary_hendrixson,gtx_basic,2017-05-21,0.58946335
unknown,kary_hendrixson,gtx_plus_pro,2017-05-21,0.5957185
groovestreet,corliss_cosme,gtx_plus_basic,2017-05-22,0.49467105
unknown,daniell_hammack,mg_advanced,2017-05-22,0.56290734
unknown,hayden_neloms,mg_advanced,2017-05-22,0.4928956
opentech,kary_hendrixson,mg_special,2017-05-22,0.60837686
unknown,markita_hansen,gtx_plus_pro,2017-05-22,0.64659417
unknown,maureen_marcano,gtx_plus_basic,2017-05-22,0.53294045
unknown,rosie_papadopoulos,gtxpro,2017-05-22,0.59462655
unknown,boris_faz,gtx_plus_basic,2017-05-23,0.42861125
unknown,boris_faz,gtx_plus_pro,2017-05-23,0.42844436
unknown,cassey_cress,mg_special,2017-05-23,0.47720602
condax,james_ascencio,gtx_plus_basic,2017-05-23,0.4801763
labdrill,corliss_cosme,gtx_basic,2017-05-24,0.39961463
unknown,elease_gluck,gtxpro,2017-05-24,0.5106541
unknown,james_ascencio,gtx_plus_pro,2017-05-24,0.567747
y-corporation,markita_hansen,mg_advanced,2017-05-24,0.6208189
unknown,maureen_marcano,mg_special,2017-05-24,0.5315011
inity,corliss_cosme,gtx_plus_pro,2017-05-25,0.294656
unknown,hayden_neloms,mg_advanced,2017-05-25,0.4928956
unknown,kary_hendrixson,gtxpro,2017-05-25,0.5855599
singletechno,vicki_laflamme,gtx_plus_pro,2017-05-25,0.5622299
genco_pura_olive_oil_company,vicki_laflamme,mg_special,2017-05-25,0.43014637
unknown,boris_faz,mg_advanced,2017-05-26,0.47936776
unknown,hayden_neloms,mg_advanced,2017-05-26,0.4928956
unknown,hayden_neloms,mg_advanced,2017-05-26,0.4928956
zoomit,james_ascencio,gtx_plus_basic,2017-05-26,0.42178303
conecom,kami_bicknell,gtxpro,2017-05-26,0.47608808
zoomit,violet_mclelland,mg_special,2017-05-26,0.35538003
unknown,zane_levy,gtx_basic,2017-05-26,0.64490837
dontechi,daniell_hammack,gtxpro,2017-05-27,0.41632417
unknown,daniell_hammack,gtxpro,2017-05-27,0.54388773
unknown,boris_faz,gtx_plus_pro,2017-05-28,0.42844436
ontomedia,kary_hendrixson,gtx_plus_basic,2017-05-28,0.45731416
unknown,markita_hansen,gtx_basic,2017-05-28,0.64065135
unknown,zane_levy,gtxpro,2017-05-28,0.6413898
zathunicon,corliss_cosme,gtxpro,2017-05-29,0.56717145
unknown,james_ascencio,gtx_basic,2017-05-29,0.56137776
dontechi,kami_bicknell,gtx_plus_basic,2017-05-29,0.33253205
unknown,kary_hendrixson,gtxpro,2017-05-29,0.5855599
unknown,rosalina_dieter,gtx_basic,2017-05-29,0.5065323
unknown,zane_levy,gtxpro,2017-05-29,0.6413898
unknown,wilburn_farren,mg_advanced,2017-05-30,0.6273222
nam-zim,hayden_neloms,gtx_plus_basic,2017-05-31,0.39495638
unknown,kami_bicknell,gtx_basic,2017-05-31,0.53711724
unknown,maureen_marcano,mg_special,2017-05-31,0.5315011
unknown,daniell_hammack,gtxpro,2017-06-01,0.54388773
unknown,rosalina_dieter,mg_special,2017-06-01,0.5127992
unknown,cassey_cress,mg_advanced,2017-06-02,0.49871704
unknown,james_ascencio,mg_advanced,2017-06-02,0.60589546
zathunicon,violet_mclelland,gtxpro,2017-06-02,0.5806245
faxquote,kami_bicknell,gtxpro,2017-06-03,0.5699105
dalttechnology,rosalina_dieter,mg_special,2017-06-03,0.43281868
unknown,kami_bicknell,gtx_plus_basic,2017-06-04,0.5298777
unknown,kary_hendrixson,gtx_basic,2017-06-04,0.58946335
unknown,kary_hendrixson,gtxpro,2017-06-04,0.5855599
zencorporation,kary_hendrixson,mg_special,2017-06-04,0.42681146
unknown,kary_hendrixson,gtx_basic,2017-06-05,0.58946335
unknown,zane_levy,mg_special,2017-06-05,0.58579355
unknown,rosie_papadopoulos,mg_special,2017-06-06,0.5781945
unknown,violet_mclelland,mg_advanced,2017-06-06,0.6400914
zathunicon,elease_gluck,mg_advanced,2017-06-07,0.5032156
unknown,markita_hansen,mg_special,2017-06-07,0.5942867
unknown,vicki_laflamme,gtx_plus_pro,2017-06-07,0.5135397
unknown,violet_mclelland,mg_special,2017-06-07,0.5790943
conecom,zane_levy,gtx_plus_basic,2017-06-07,0.621595
unknown,zane_levy,gtxpro,2017-06-07,0.6413898
cheers,james_ascencio,gtx_plus_pro,2017-06-08,0.46733722
unknown,rosie_papadopoulos,mg_special,2017-06-08,0.5781945
unknown,vicki_laflamme,gtx_basic,2017-06-08,0.5070652
unknown,corliss_cosme,mg_special,2017-06-09,0.5735737
massive_dynamic,corliss_cosme,mg_advanced,2017-06-09,0.509562
zotware,daniell_hammack,gtx_plus_basic,2017-06-09,0.36674708
nam-zim,kami_bicknell,gtx_plus_basic,2017-06-09,0.40614453
lexiqvolax,elease_gluck,gtk_500,2017-06-10,0.6638103
vehement_capital_partners,rosalina_dieter,gtxpro,2017-06-10,0.6810643
unknown,zane_levy,gtx_basic,2017-06-10,0.64490837
dalttechnology,markita_hansen,mg_advanced,2017-06-11,0.6230662
zoomit,rosie_papadopoulos,gtx_plus_basic,2017-06-11,0.41052094
unknown,vicki_laflamme,gtx_basic,2017-06-11,0.5070652
betasoloin,corliss_cosme,gtxpro,2017-06-12,0.5190119
unknown,kary_hendrixson,gtx_basic,2017-06-12,0.58946335
unknown,rosalina_dieter,gtx_basic,2017-06-12,0.5065323
funholding,rosalina_dieter,gtxpro,2017-06-12,0.6446185
unknown,rosie_papadopoulos,gtx_plus_basic,2017-06-12,0.5886785
isdom,violet_mclelland,gtx_plus_basic,2017-06-12,0.504225
unknown,cassey_cress,mg_special,2017-06-13,0.47720602
unknown,kary_hendrixson,gtx_plus_pro,2017-06-13,0.5957185
zoomit,maureen_marcano,gtx_plus_basic,2017-06-13,0.43508592
unknown,zane_levy,mg_advanced,2017-06-13,0.6695054
unknown,corliss_cosme,gtx_plus_basic,2017-06-14,0.5959721
unknown,james_ascencio,gtx_basic,2017-06-14,0.56137776
treequote,markita_hansen,gtk_500,2017-06-14,0.8617752
conecom,markita_hansen,gtxpro,2017-06-14,0.62470865
unknown,maureen_marcano,gtx_basic,2017-06-15,0.54017377
unknown,rosalina_dieter,mg_special,2017-06-15,0.5127992
unknown,vicki_laflamme,gtx_basic,2017-06-15,0.5070652
unknown,zane_levy,mg_advanced,2017-06-15,0.6695054
bluth_company,cassey_cress,mg_special,2017-06-16,0.5224392
toughzap,markita_hansen,gtx_plus_basic,2017-06-16,0.65384245
xx-zobam,rosie_papadopoulos,gtxpro,2017-06-16,0.5741261
unknown,vicki_laflamme,mg_special,2017-06-16,0.49658194
unknown,violet_mclelland,mg_special,2017-06-16,0.5790943
rantouch,elease_gluck,gtx_basic,2017-06-17,0.5418402
unknown,james_ascencio,mg_advanced,2017-06-17,0.60589546
unknown,kami_bicknell,gtx_basic,2017-06-17,0.53711724
unknown,kami_bicknell,gtxpro,2017-06-17,0.53600585
sonron,kary_hendrixson,gtxpro,2017-06-17,0.6345841
unknown,markita_hansen,gtx_basic,2017-06-17,0.64065135
unknown,vicki_laflamme,gtx_basic,2017-06-17,0.5070652
scottech,cassey_cress,gtx_plus_basic,2017-06-18,0.38224387
unknown,daniell_hammack,gtx_plus_pro,2017-06-18,0.5404962
groovestreet,daniell_hammack,mg_advanced,2017-06-18,0.54977024
gekko_&_co,james_ascencio,mg_advanced,2017-06-18,0.5448675
unknown,kami_bicknell,gtx_basic,2017-06-18,0.53711724
unknown,corliss_cosme,gtx_plus_basic,2017-06-19,0.5959721
unknown,kary_hendrixson,gtx_plus_basic,2017-06-19,0.579573
unknown,maureen_marcano,gtxpro,2017-06-19,0.5390634
unknown,zane_levy,gtx_basic,2017-06-19,0.64490837
condax,cassey_cress,gtx_plus_pro,2017-06-20,0.45156378
sumace,elease_gluck,mg_special,2017-06-20,0.5629119
domzoom,james_ascencio,gtx_basic,2017-06-20,0.4698981
unknown,james_ascencio,mg_special,2017-06-20,0.55277395
unknown,kami_bicknell,mg_advanced,2017-06-20,0.582265
unknown,rosie_papadopoulos,gtxpro,2017-06-20,0.59462655
unknown,wilburn_farren,mg_advanced,2017-06-20,0.6273222
unknown,zane_levy,mg_advanced,2017-06-20,0.6695054
unknown,daniell_hammack,gtxpro,2017-06-21,0.54388773
unknown,kary_hendrixson,gtxpro,2017-06-21,0.5855599
unknown,daniell_hammack,mg_special,2017-06-22,0.5066864
unknown,zane_levy,gtx_plus_basic,2017-06-22,0.6355278
unknown,cassey_cress,mg_advanced,2017-06-23,0.49871704
betasoloin,violet_mclelland,mg_special,2017-06-23,0.49345368
kan-code,zane_levy,gtxpro,2017-06-23,0.35497466
unknown,boris_faz,gtx_plus_pro,2017-06-24,0.42844436
unknown,corliss_cosme,gtxpro,2017-06-24,0.601886
betasoloin,kary_hendrixson,gtxpro,2017-06-24,0.54156387
unknown,vicki_laflamme,mg_special,2017-06-24,0.49658194
unknown,daniell_hammack,gtxpro,2017-06-25,0.54388773
unknown,rosalina_dieter,gtx_basic,2017-06-25,0.5065323
ron-tech,rosie_papadopoulos,gtx_basic,2017-06-25,0.56165826
unknown,vicki_laflamme,gtx_plus_pro,2017-06-25,0.5135397
unknown,vicki_laflamme,gtxpro,2017-06-25,0.5169524
unknown,violet_mclelland,mg_special,2017-06-25,0.5790943
unknown,daniell_hammack,mg_advanced,2017-06-26,0.56290734
unknown,kary_hendrixson,gtx_plus_basic,2017-06-26,0.579573
plussunin,zane_levy,gtxpro,2017-06-26,0.71596235
unknown,daniell_hammack,gtxpro,2017-06-27,0.54388773
unknown,violet_mclelland,gtxpro,2017-06-27,0.6204159
unknown,rosie_papadopoulos,mg_advanced,2017-06-28,0.6176344
nam-zim,violet_mclelland,mg_advanced,2017-06-28,0.51268846
unknown,corliss_cosme,gtx_plus_basic,2017-06-29,0.5959721
unknown,kary_hendrixson,gtx_basic,2017-06-29,0.58946335
unknown,markita_hansen,gtxpro,2017-06-29,0.6498867
unknown,vicki_laflamme,mg_advanced,2017-06-29,0.5361372
unknown,boris_faz,gtx_plus_basic,2017-06-30,0.42861125
unknown,james_ascencio,gtx_plus_basic,2017-06-30,0.55420274
streethex,boris_faz,gtx_plus_basic,2017-07-01,0.41964376
unknown,corliss_cosme,gtx_plus_pro,2017-07-01,0.60914236
unknown,corliss_cosme,mg_advanced,2017-07-01,0.6340179
unknown,hayden_neloms,gtx_plus_basic,2017-07-01,0.43541574
dalttechnology,kary_hendrixson,gtxpro,2017-07-01,0.50720805
unknown,rosie_papadopoulos,mg_advanced,2017-07-01,0.6176344
unknown,vicki_laflamme,gtx_basic,2017-07-01,0.5070652
unknown,boris_faz,gtxpro,2017-07-02,0.43465102
unknown,corliss_cosme,gtxpro,2017-07-02,0.601886
condax,daniell_hammack,gtx_plus_basic,2017-07-02,0.5346954
unknown,elease_gluck,mg_special,2017-07-02,0.49027997
unknown,kami_bicknell,gtxpro,2017-07-02,0.53600585
betasoloin,kary_hendrixson,gtx_plus_basic,2017-07-02,0.5463796
unknown,kary_hendrixson,gtx_basic,2017-07-03,0.58946335
scottech,cassey_cress,gtx_plus_pro,2017-07-04,0.39374623
unknown,kary_hendrixson,mg_advanced,2017-07-04,0.6058944
unknown,maureen_marcano,mg_special,2017-07-04,0.5315011
unknown,cassey_cress,gtx_basic,2017-07-05,0.4759856
unknown,kami_bicknell,gtx_basic,2017-07-05,0.53711724
dalttechnology,kary_hendrixson,gtx_plus_pro,2017-07-05,0.51770526
kinnamplus,rosie_papadopoulos,mg_advanced,2017-07-05,0.49539566
unknown,corliss_cosme,gtx_plus_basic,2017-07-06,0.5959721
unknown,daniell_hammack,mg_advanced,2017-07-06,0.56290734
unknown,maureen_marcano,gtxpro,2017-07-06,0.5390634
unknown,boris_faz,gtxpro,2017-07-07,0.43465102
umbrella_corporation,cassey_cress,gtx_plus_basic,2017-07-07,0.59261703
conecom,kary_hendrixson,gtx_plus_pro,2017-07-07,0.5403222
unknown,rosie_papadopoulos,gtx_plus_pro,2017-07-07,0.6136373
unknown,violet_mclelland,mg_special,2017-07-07,0.5790943
finhigh,boris_faz,gtx_basic,2017-07-08,0.52659196
acme_corporation,corliss_cosme,gtx_basic,2017-07-08,0.51224446
unknown,james_ascencio,gtx_basic,2017-07-08,0.56137776
unknown,violet_mclelland,gtx_plus_basic,2017-07-08,0.614601
plussunin,violet_mclelland,mg_special,2017-07-08,0.53407997
unknown,cassey_cress,gtx_plus_pro,2017-07-09,0.48245162
betatech,daniell_hammack,gtxpro,2017-07-09,0.4669799
unknown,elease_gluck,gtx_plus_basic,2017-07-09,0.5045007
statholdings,rosalina_dieter,gtxpro,2017-07-09,0.5080136
unknown,rosalina_dieter,mg_advanced,2017-07-09,0.5292492
unknown,zane_levy,gtxpro,2017-07-09,0.6413898
unknown,rosie_papadopoulos,gtxpro,2017-07-10,0.59462655
unknown,violet_mclelland,gtx_basic,2017-07-10,0.6242017
unknown,cassey_cress,gtx_plus_pro,2017-07-11,0.48245162
unknown,kary_hendrixson,gtx_plus_pro,2017-07-11,0.5957185
unknown,corliss_cosme,mg_special,2017-07-12,0.5735737
dontechi,daniell_hammack,gtx_basic,2017-07-12,0.40826008
unknown,zane_levy,gtx_basic,2017-07-12,0.64490837
unknown,rosie_papadopoulos,mg_special,2017-07-13,0.5781945
unknown,kami_bicknell,gtx_basic,2017-07-14,0.53711724
unknown,vicki_laflamme,mg_special,2017-07-14,0.49658194
unknown,maureen_marcano,gtx_plus_basic,2017-07-15,0.53294045
unknown,rosalina_dieter,mg_special,2017-07-15,0.5127992
sunnamplex,boris_faz,gtx_basic,2017-07-16,0.33989513
unknown,hayden_neloms,gtx_plus_pro,2017-07-16,0.4352482
kinnamplus,boris_faz,gtx_basic,2017-07-17,0.3551293
unknown,boris_faz,mg_special,2017-07-17,0.41885948
unknown,cassey_cress,mg_advanced,2017-07-17,0.49871704
unknown,elease_gluck,mg_advanced,2017-07-17,0.52986157
sonron,vicki_laflamme,gtx_plus_pro,2017-07-17,0.572146
unknown,corliss_cosme,gtx_plus_basic,2017-07-18,0.5959721
unknown,james_ascencio,mg_advanced,2017-07-18,0.60589546
unknown,maureen_marcano,gtx_plus_basic,2017-07-18,0.53294045
unknown,violet_mclelland,gtx_basic,2017-07-18,0.6242017
unknown,anna_snelling,gtx_basic,2017-07-19,0.44746745
dontechi,anna_snelling,mg_special,2017-07-19,0.3169387
konmatfix,anna_snelling,mg_special,2017-07-19,0.28525886
unknown,cecily_lampkin,mg_special,2017-07-19,0.4366966
unknown,cecily_lampkin,mg_special,2017-07-19,0.4366966
unknown,darcel_schlecht,gtx_basic,2017-07-19,0.5158315
isdom,darcel_schlecht,gtx_plus_pro,2017-07-19,0.51011354
unknown,darcel_schlecht,gtxpro,2017-07-19,0.52570736
unknown,elease_gluck,gtxpro,2017-07-19,0.5106541
xx-zobam,hayden_neloms,mg_special,2017-07-19,0.55516934
inity,jonathan_berthelot,gtxpro,2017-07-19,0.3182978
konmatfix,lajuana_vencill,gtx_plus_basic,2017-07-19,0.368869
unknown,lajuana_vencill,mg_special,2017-07-19,0.4686405
ontomedia,marty_freudenburg,gtx_plus_pro,2017-07-19,0.38566607
unknown,marty_freudenburg,mg_advanced,2017-07-19,0.5798107
unknown,moses_frase,gtx_basic,2017-07-19,0.4256532
hatfan,niesha_huffines,gtx_basic,2017-07-19,0.35878608
unknown,versie_hillebrand,gtx_basic,2017-07-19,0.46512264
green-plus,vicki_laflamme,gtxpro,2017-07-19,0.5025957
lexiqvolax,violet_mclelland,mg_advanced,2017-07-19,0.57885784
unknown,anna_snelling,gtx_plus_basic,2017-07-20,0.437421
groovestreet,anna_snelling,gtx_plus_pro,2017-07-20,0.42358363
labdrill,anna_snelling,gtx_plus_pro,2017-07-20,0.35230136
silis,anna_snelling,mg_special,2017-07-20,0.7214625
unknown,anna_snelling,mg_special,2017-07-20,0.44047442
unknown,daniell_hammack,gtx_plus_basic,2017-07-20,0.5377739
unknown,darcel_schlecht,gtx_plus_basic,2017-07-20,0.5195651
unknown,darcel_schlecht,gtx_plus_basic,2017-07-20,0.5195651
unknown,darcel_schlecht,gtxpro,2017-07-20,0.52570736
konmatfix,hayden_neloms,gtx_plus_basic,2017-07-20,0.35293648
cheers,jonathan_berthelot,gtx_basic,2017-07-20,0.45504308
unknown,jonathan_berthelot,gtx_basic,2017-07-20,0.51789945
unknown,jonathan_berthelot,gtx_basic,2017-07-20,0.51789945
unknown,jonathan_berthelot,gtx_basic,2017-07-20,0.51789945
gekko_&_co,jonathan_berthelot,gtx_plus_basic,2017-07-20,0.44869626
unknown,jonathan_berthelot,gtx_plus_basic,2017-07-20,0.5245351
unknown,jonathan_berthelot,gtxpro,2017-07-20,0.5306712
unknown,jonathan_berthelot,mg_special,2017-07-20,0.523002
kinnamplus,kami_bicknell,mg_advanced,2017-07-20,0.5141645
sumace,marty_freudenburg,gtxpro,2017-07-20,0.5709229
unknown,moses_frase,gtx_basic,2017-07-20,0.4256532
genco_pura_olive_oil_company,moses_frase,gtx_plus_pro,2017-07-20,0.41472572
unknown,niesha_huffines,gtx_plus_basic,2017-07-20,0.5645262
blackzim,niesha_huffines,gtx_plus_pro,2017-07-20,0.5678932
plussunin,wilburn_farren,gtx_plus_basic,2017-07-20,0.56526315
unknown,anna_snelling,gtx_plus_basic,2017-07-21,0.437421
hatfan,anna_snelling,mg_advanced,2017-07-21,0.333682
unknown,cecily_lampkin,gtx_plus_basic,2017-07-21,0.4245521
unknown,cecily_lampkin,gtx_plus_basic,2017-07-21,0.4245521
unknown,cecily_lampkin,mg_special,2017-07-21,0.4366966
unknown,darcel_schlecht,gtxpro,2017-07-21,0.52570736
unknown,darcel_schlecht,gtxpro,2017-07-21,0.52570736
betasoloin,darcel_schlecht,mg_special,2017-07-21,0.5052477
bubba_gump,darcel_schlecht,mg_advanced,2017-07-21,0.5488995
scotfind,darcel_schlecht,mg_advanced,2017-07-21,0.5463634
unknown,gladys_colclough,gtx_basic,2017-07-21,0.58419067
silis,gladys_colclough,mg_special,2017-07-21,0.79863757
unknown,gladys_colclough,mg_advanced,2017-07-21,0.6143529
stanredtax,jonathan_berthelot,gtx_basic,2017-07-21,0.48411247
unknown,jonathan_berthelot,gtx_plus_basic,2017-07-21,0.5245351
unknown,jonathan_berthelot,gtx_plus_basic,2017-07-21,0.5245351
unknown,kami_bicknell,gtx_basic,2017-07-21,0.53711724
unknown,lajuana_vencill,mg_special,2017-07-21,0.4686405
treequote,marty_freudenburg,gtx_plus_basic,2017-07-21,0.6132616
silis,marty_freudenburg,gtx_plus_pro,2017-07-21,0.7590282
unknown,maureen_marcano,gtx_plus_basic,2017-07-21,0.53294045
unknown,maureen_marcano,gtxpro,2017-07-21,0.5390634
unknown,moses_frase,mg_special,2017-07-21,0.4306588
unknown,versie_hillebrand,gtx_plus_pro,2017-07-21,0.47157392
hottechi,versie_hillebrand,mg_special,2017-07-21,0.47725955
umbrella_corporation,vicki_laflamme,gtxpro,2017-07-21,0.6467179
unknown,vicki_laflamme,gtxpro,2017-07-21,0.5169524
cheers,violet_mclelland,gtx_plus_basic,2017-07-21,0.47001076
unknown,zane_levy,gtx_basic,2017-07-21,0.64490837
unknown,zane_levy,gtx_basic,2017-07-21,0.64490837
unknown,zane_levy,gtx_basic,2017-07-21,0.64490837
unknown,anna_snelling,gtx_basic,2017-07-22,0.44746745
unknown,anna_snelling,gtx_plus_pro,2017-07-22,0.45388165
singletechno,anna_snelling,mg_special,2017-07-22,0.46455514
unknown,anna_snelling,mg_special,2017-07-22,0.44047442
unknown,anna_snelling,mg_special,2017-07-22,0.44047442
unknown,anna_snelling,mg_special,2017-07-22,0.44047442
unknown,anna_snelling,mg_advanced,2017-07-22,0.48329225
unknown,cecily_lampkin,gtx_basic,2017-07-22,0.43167397
unknown,cecily_lampkin,gtx_plus_basic,2017-07-22,0.4245521
treequote,cecily_lampkin,mg_advanced,2017-07-22,0.5827596
unknown,darcel_schlecht,gtx_basic,2017-07-22,0.5158315
unknown,darcel_schlecht,gtx_plus_basic,2017-07-22,0.5195651
unknown,darcel_schlecht,gtxpro,2017-07-22,0.52570736
unknown,darcel_schlecht,mg_special,2017-07-22,0.5087538
unknown,gladys_colclough,gtx_basic,2017-07-22,0.58419067
funholding,gladys_colclough,gtx_plus_basic,2017-07-22,0.73303646
opentech,gladys_colclough,mg_special,2017-07-22,0.66332173
unknown,gladys_colclough,mg_special,2017-07-22,0.5358358
mathtouch,gladys_colclough,mg_advanced,2017-07-22,0.51796186
unknown,james_ascencio,mg_special,2017-07-22,0.55277395
unknown,jonathan_berthelot,gtx_plus_basic,2017-07-22,0.5245351
unknown,lajuana_vencill,gtx_basic,2017-07-22,0.5217566
unknown,lajuana_vencill,gtx_plus_basic,2017-07-22,0.5115866
unknown,lajuana_vencill,gtx_plus_pro,2017-07-22,0.52821773
unknown,lajuana_vencill,mg_advanced,2017-07-22,0.5581975
kinnamplus,moses_frase,mg_special,2017-07-22,0.3412731
unknown,moses_frase,mg_special,2017-07-22,0.4306588
unknown,moses_frase,mg_advanced,2017-07-22,0.4775531
unknown,moses_frase,mg_advanced,2017-07-22,0.4775531
unknown,moses_frase,mg_advanced,2017-07-22,0.4775531
unknown,versie_hillebrand,mg_special,2017-07-22,0.4702124
unknown,versie_hillebrand,mg_special,2017-07-22,0.4702124
unknown,versie_hillebrand,mg_special,2017-07-22,0.4702124
unknown,versie_hillebrand,mg_advanced,2017-07-22,0.5108981
statholdings,zane_levy,gtx_plus_basic,2017-07-22,0.6289126
unknown,anna_snelling,mg_special,2017-07-23,0.44047442
unknown,anna_snelling,mg_special,2017-07-23,0.44047442
unknown,anna_snelling,mg_advanced,2017-07-23,0.48329225
unknown,cassey_cress,gtx_plus_pro,2017-07-23,0.48245162
unknown,darcel_schlecht,gtx_basic,2017-07-23,0.5158315
unknown,darcel_schlecht,gtx_plus_basic,2017-07-23,0.5195651
unknown,darcel_schlecht,gtx_plus_basic,2017-07-23,0.5195651
unknown,darcel_schlecht,gtxpro,2017-07-23,0.52570736
unknown,gladys_colclough,mg_special,2017-07-23,0.5358358
unknown,gladys_colclough,mg_special,2017-07-23,0.5358358
unknown,lajuana_vencill,gtx_basic,2017-07-23,0.5217566
unknown,lajuana_vencill,gtx_basic,2017-07-23,0.5217566
rundofase,markita_hansen,gtk_500,2017-07-23,0.76338494
unknown,moses_frase,gtx_basic,2017-07-23,0.4256532
xx-zobam,niesha_huffines,gtx_plus_basic,2017-07-23,0.61553574
unknown,niesha_huffines,mg_advanced,2017-07-23,0.5893159
kinnamplus,versie_hillebrand,gtx_plus_basic,2017-07-23,0.3793839
unknown,versie_hillebrand,mg_special,2017-07-23,0.4702124
unknown,zane_levy,gtx_basic,2017-07-23,0.64490837
scotfind,anna_snelling,gtx_plus_pro,2017-07-24,0.32711697
unknown,anna_snelling,gtx_plus_pro,2017-07-24,0.45388165
unknown,cassey_cress,mg_advanced,2017-07-24,0.49871704
dontechi,darcel_schlecht,gtxpro,2017-07-24,0.37594062
unknown,darcel_schlecht,gtxpro,2017-07-24,0.52570736
unknown,darcel_schlecht,gtxpro,2017-07-24,0.52570736
unknown,darcel_schlecht,mg_special,2017-07-24,0.5087538
unknown,darcel_schlecht,mg_advanced,2017-07-24,0.5635541
unknown,gladys_colclough,gtx_basic,2017-07-24,0.58419067
y-corporation,gladys_colclough,gtx_plus_pro,2017-07-24,0.4657036
unknown,jonathan_berthelot,gtx_basic,2017-07-24,0.51789945
unknown,lajuana_vencill,gtx_basic,2017-07-24,0.5217566
unknown,marty_freudenburg,gtx_basic,2017-07-24,0.52259994
unknown,marty_freudenburg,gtx_plus_basic,2017-07-24,0.5292297
unknown,maureen_marcano,mg_special,2017-07-24,0.5315011
goodsilron,moses_frase,gtx_basic,2017-07-24,0.32308912
massive_dynamic,moses_frase,mg_special,2017-07-24,0.33042502
unknown,niesha_huffines,gtxpro,2017-07-24,0.57056874
zathunicon,versie_hillebrand,gtx_basic,2017-07-24,0.45727444
unknown,versie_hillebrand,gtx_plus_basic,2017-07-24,0.45789355
unknown,versie_hillebrand,mg_special,2017-07-24,0.4702124
unknown,versie_hillebrand,mg_special,2017-07-24,0.4702124
unknown,versie_hillebrand,mg_special,2017-07-24,0.4702124
doncon,versie_hillebrand,mg_advanced,2017-07-24,0.527471
ron-tech,versie_hillebrand,mg_advanced,2017-07-24,0.56174433
dalttechnology,anna_snelling,mg_special,2017-07-25,0.38223818
dalttechnology,anna_snelling,mg_advanced,2017-07-25,0.40218788
donquadtech,anna_snelling,mg_advanced,2017-07-25,0.4028254
unknown,cecily_lampkin,gtx_basic,2017-07-25,0.43167397
gogozoom,cecily_lampkin,mg_advanced,2017-07-25,0.51549095
unknown,darcel_schlecht,gtx_basic,2017-07-25,0.5158315
unknown,darcel_schlecht,gtx_basic,2017-07-25,0.5158315
isdom,darcel_schlecht,gtxpro,2017-07-25,0.5119555
isdom,darcel_schlecht,gtxpro,2017-07-25,0.5119555
unknown,darcel_schlecht,gtxpro,2017-07-25,0.52570736
unknown,darcel_schlecht,gtxpro,2017-07-25,0.52570736
unknown,darcel_schlecht,mg_advanced,2017-07-25,0.5635541
unknown,gladys_colclough,gtx_basic,2017-07-25,0.58419067
unknown,gladys_colclough,mg_advanced,2017-07-25,0.6143529
unknown,hayden_neloms,mg_advanced,2017-07-25,0.4928956
unknown,jonathan_berthelot,gtx_basic,2017-07-25,0.51789945
unknown,kary_hendrixson,mg_special,2017-07-25,0.557381
hottechi,lajuana_vencill,mg_special,2017-07-25,0.49672768
umbrella_corporation,lajuana_vencill,mg_advanced,2017-07-25,0.6807528
unknown,lajuana_vencill,mg_advanced,2017-07-25,0.5581975
zotware,marty_freudenburg,gtx_basic,2017-07-25,0.33125037
unknown,marty_freudenburg,gtx_plus_pro,2017-07-25,0.52905995
treequote,marty_freudenburg,mg_special,2017-07-25,0.6397636
unknown,moses_frase,gtx_basic,2017-07-25,0.4256532
xx-holding,moses_frase,mg_advanced,2017-07-25,0.6223535
konex,niesha_huffines,gtx_plus_basic,2017-07-25,0.43458617
unknown,niesha_huffines,gtx_plus_basic,2017-07-25,0.5645262
faxquote,niesha_huffines,mg_advanced,2017-07-25,0.68532205
unknown,rosalina_dieter,mg_special,2017-07-25,0.5127992
unknown,versie_hillebrand,gtx_basic,2017-07-25,0.46512264
sonron,versie_hillebrand,mg_special,2017-07-25,0.56023085
konmatfix,anna_snelling,mg_special,2017-07-26,0.28525886
unknown,anna_snelling,mg_special,2017-07-26,0.44047442
bluth_company,cassey_cress,gtx_plus_basic,2017-07-26,0.5052485
kinnamplus,darcel_schlecht,gtx_plus_basic,2017-07-26,0.44753072
inity,darcel_schlecht,gtx_plus_pro,2017-07-26,0.32555798
sumace,darcel_schlecht,gtxpro,2017-07-26,0.5725777
unknown,darcel_schlecht,gtxpro,2017-07-26,0.52570736
unknown,darcel_schlecht,gtxpro,2017-07-26,0.52570736
unknown,darcel_schlecht,mg_advanced,2017-07-26,0.5635541
unknown,gladys_colclough,mg_special,2017-07-26,0.5358358
unknown,gladys_colclough,mg_special,2017-07-26,0.5358358
xx-holding,gladys_colclough,mg_advanced,2017-07-26,0.72898644
donquadtech,james_ascencio,gtxpro,2017-07-26,0.4646244
unknown,jonathan_berthelot,gtx_basic,2017-07-26,0.51789945
unknown,kary_hendrixson,gtx_plus_pro,2017-07-26,0.5957185
unknown,lajuana_vencill,gtx_plus_pro,2017-07-26,0.52821773
the_new_york_inquirer,lajuana_vencill,mg_advanced,2017-07-26,0.5287919
unknown,lajuana_vencill,mg_advanced,2017-07-26,0.5581975
unknown,moses_frase,mg_special,2017-07-26,0.4306588
unknown,moses_frase,mg_advanced,2017-07-26,0.4775531
unknown,moses_frase,mg_advanced,2017-07-26,0.4775531
umbrella_corporation,niesha_huffines,gtx_plus_basic,2017-07-26,0.68237835
unknown,vicki_laflamme,gtxpro,2017-07-26,0.5169524
unknown,zane_levy,gtx_basic,2017-07-26,0.64490837
unknown,anna_snelling,gtx_plus_pro,2017-07-27,0.45388165
unknown,anna_snelling,gtx_plus_pro,2017-07-27,0.45388165
golddex,anna_snelling,mg_special,2017-07-27,0.54589474
unknown,anna_snelling,mg_special,2017-07-27,0.44047442
unknown,cecily_lampkin,gtx_plus_basic,2017-07-27,0.4245521
unknown,darcel_schlecht,gtx_plus_basic,2017-07-27,0.5195651
finjob,darcel_schlecht,gtxpro,2017-07-27,0.39888635
funholding,darcel_schlecht,gtxpro,2017-07-27,0.6649536
konex,darcel_schlecht,gtxpro,2017-07-27,0.415395
unknown,darcel_schlecht,gtxpro,2017-07-27,0.52570736
unknown,darcel_schlecht,gtxpro,2017-07-27,0.52570736
unknown,darcel_schlecht,gtxpro,2017-07-27,0.52570736
unknown,darcel_schlecht,gtxpro,2017-07-27,0.52570736
unknown,darcel_schlecht,mg_advanced,2017-07-27,0.5635541
unknown,darcel_schlecht,mg_advanced,2017-07-27,0.5635541
unknown,gladys_colclough,gtx_plus_pro,2017-07-27,0.5904704
unknown,gladys_colclough,mg_advanced,2017-07-27,0.6143529
unknown,hayden_neloms,gtx_plus_basic,2017-07-27,0.43541574
unknown,jonathan_berthelot,gtx_basic,2017-07-27,0.51789945
unknown,jonathan_berthelot,gtx_basic,2017-07-27,0.51789945
singletechno,jonathan_berthelot,gtx_plus_basic,2017-07-27,0.5438083
unknown,jonathan_berthelot,gtx_plus_basic,2017-07-27,0.5245351
unknown,marty_freudenburg,gtx_basic,2017-07-27,0.52259994
singletechno,marty_freudenburg,gtx_plus_basic,2017-07-27,0.5484764
y-corporation,marty_freudenburg,gtx_plus_basic,2017-07-27,0.39945272
unknown,moses_frase,gtx_basic,2017-07-27,0.4256532
unknown,niesha_huffines,gtx_basic,2017-07-27,0.5608466
unknown,niesha_huffines,mg_special,2017-07-27,0.5420769
unknown,rosalina_dieter,gtk_500,2017-07-27,0.63208026
xx-zobam,versie_hillebrand,gtx_plus_pro,2017-07-27,0.53265786
unknown,versie_hillebrand,mg_special,2017-07-27,0.4702124
toughzap,zane_levy,gtxpro,2017-07-27,0.5862924
yearin,anna_snelling,gtx_basic,2017-07-28,0.4331483
unknown,anna_snelling,mg_special,2017-07-28,0.44047442
unknown,boris_faz,gtx_basic,2017-07-28,0.42211175
unknown,daniell_hammack,gtx_plus_basic,2017-07-28,0.5377739
statholdings,darcel_schlecht,gtx_plus_basic,2017-07-28,0.4774922
xx-zobam,darcel_schlecht,gtxpro,2017-07-28,0.58178097
unknown,darcel_schlecht,gtxpro,2017-07-28,0.52570736
unknown,darcel_schlecht,mg_special,2017-07-28,0.5087538
newex,gladys_colclough,gtxpro,2017-07-28,0.4415481
unknown,jonathan_berthelot,gtx_basic,2017-07-28,0.51789945
unknown,jonathan_berthelot,gtxpro,2017-07-28,0.5306712
nam-zim,lajuana_vencill,gtx_basic,2017-07-28,0.40672442
unknown,lajuana_vencill,gtx_basic,2017-07-28,0.5217566
unknown,lajuana_vencill,gtx_basic,2017-07-28,0.5217566
dalttechnology,lajuana_vencill,mg_special,2017-07-28,0.4616468
unknown,marty_freudenburg,gtx_basic,2017-07-28,0.52259994
unknown,marty_freudenburg,gtx_plus_basic,2017-07-28,0.5292297
unknown,moses_frase,mg_special,2017-07-28,0.4306588
treequote,niesha_huffines,mg_advanced,2017-07-28,0.69267565
unknown,rosalina_dieter,gtx_basic,2017-07-28,0.5065323
kan-code,versie_hillebrand,gtx_basic,2017-07-28,0.23826025
unknown,anna_snelling,gtx_plus_pro,2017-07-29,0.45388165
unknown,anna_snelling,mg_advanced,2017-07-29,0.48329225
unknown,cecily_lampkin,mg_special,2017-07-29,0.4366966
unknown,corliss_cosme,mg_advanced,2017-07-29,0.6340179
codehow,darcel_schlecht,gtx_basic,2017-07-29,0.43389094
unknown,darcel_schlecht,gtx_plus_basic,2017-07-29,0.5195651
the_new_york_inquirer,darcel_schlecht,gtxpro,2017-07-29,0.49784225
unknown,darcel_schlecht,gtxpro,2017-07-29,0.52570736
unknown,darcel_schlecht,gtxpro,2017-07-29,0.52570736
singletechno,darcel_schlecht,mg_special,2017-07-29,0.5795828
unknown,gladys_colclough,mg_special,2017-07-29,0.5358358
unknown,jonathan_berthelot,gtx_plus_basic,2017-07-29,0.5245351
unknown,jonathan_berthelot,mg_special,2017-07-29,0.523002
bluth_company,kami_bicknell,gtx_plus_basic,2017-07-29,0.5418141
unknown,kami_bicknell,mg_advanced,2017-07-29,0.582265
unknown,lajuana_vencill,gtx_basic,2017-07-29,0.5217566
zumgoity,lajuana_vencill,mg_special,2017-07-29,0.34355047
unknown,marty_freudenburg,gtx_basic,2017-07-29,0.52259994
unknown,versie_hillebrand,gtx_plus_pro,2017-07-29,0.47157392
yearin,versie_hillebrand,mg_special,2017-07-29,0.45875126
unknown,versie_hillebrand,mg_special,2017-07-29,0.4702124
unknown,wilburn_farren,mg_advanced,2017-07-29,0.6273222
unknown,anna_snelling,gtx_basic,2017-07-30,0.44746745
unknown,anna_snelling,gtx_basic,2017-07-30,0.44746745
unknown,anna_snelling,mg_special,2017-07-30,0.44047442
unknown,anna_snelling,mg_special,2017-07-30,0.44047442
acme_corporation,boris_faz,mg_special,2017-07-30,0.42657918
unknown,cassey_cress,gtx_plus_basic,2017-07-30,0.47036847
unknown,cecily_lampkin,mg_advanced,2017-07-30,0.47709382
unknown,darcel_schlecht,gtx_basic,2017-07-30,0.5158315
unknown,darcel_schlecht,gtx_plus_basic,2017-07-30,0.5195651
scottech,darcel_schlecht,gtx_plus_pro,2017-07-30,0.4582884
j-texon,darcel_schlecht,gtxpro,2017-07-30,0.5107139
unknown,darcel_schlecht,mg_advanced,2017-07-30,0.5635541
unknown,darcel_schlecht,mg_advanced,2017-07-30,0.5635541
unknown,gladys_colclough,gtx_plus_basic,2017-07-30,0.58781844
unknown,gladys_colclough,gtxpro,2017-07-30,0.5937703
unknown,gladys_colclough,mg_special,2017-07-30,0.5358358
unknown,kami_bicknell,mg_special,2017-07-30,0.5284373
unknown,kary_hendrixson,gtx_basic,2017-07-30,0.58946335
unknown,lajuana_vencill,gtx_basic,2017-07-30,0.5217566
bioholding,lajuana_vencill,mg_special,2017-07-30,0.48644015
unknown,marty_freudenburg,gtx_plus_basic,2017-07-30,0.5292297
unknown,marty_freudenburg,mg_special,2017-07-30,0.5276981
unknown,maureen_marcano,gtx_plus_basic,2017-07-30,0.53294045
unknown,moses_frase,gtx_basic,2017-07-30,0.4256532
plusstrip,moses_frase,mg_special,2017-07-30,0.31791356
donquadtech,niesha_huffines,gtx_basic,2017-07-30,0.4798957
unknown,niesha_huffines,gtx_basic,2017-07-30,0.5608466
dontechi,niesha_huffines,gtx_plus_basic,2017-07-30,0.39453915
unknown,niesha_huffines,mg_special,2017-07-30,0.5420769
unknown,versie_hillebrand,mg_special,2017-07-30,0.4702124
unknown,versie_hillebrand,mg_advanced,2017-07-30,0.5108981
unknown,violet_mclelland,mg_special,2017-07-30,0.5790943
rangreen,anna_snelling,mg_special,2017-07-31,0.35303196
unknown,cecily_lampkin,mg_advanced,2017-07-31,0.47709382
unknown,darcel_schlecht,gtxpro,2017-07-31,0.52570736
unknown,darcel_schlecht,gtxpro,2017-07-31,0.52570736
unknown,darcel_schlecht,mg_special,2017-07-31,0.5087538
sumace,gladys_colclough,gtx_basic,2017-07-31,0.68224037
sumace,gladys_colclough,mg_advanced,2017-07-31,0.6911147
unknown,hayden_neloms,mg_advanced,2017-07-31,0.4928956
unknown,james_ascencio,gtx_plus_pro,2017-07-31,0.567747
unknown,jonathan_berthelot,gtx_basic,2017-07-31,0.51789945
unknown,lajuana_vencill,gtx_basic,2017-07-31,0.5217566
unknown,lajuana_vencill,gtx_plus_basic,2017-07-31,0.5115866
acme_corporation,lajuana_vencill,mg_advanced,2017-07-31,0.5534287
unknown,lajuana_vencill,mg_advanced,2017-07-31,0.5581975
unknown,markita_hansen,gtx_plus_pro,2017-07-31,0.64659417
unknown,marty_freudenburg,gtx_plus_basic,2017-07-31,0.5292297
unknown,moses_frase,gtx_plus_basic,2017-07-31,0.4185575
unknown,moses_frase,mg_advanced,2017-07-31,0.4775531
kan-code,niesha_huffines,gtx_basic,2017-07-31,0.33957276
unknown,niesha_huffines,gtx_plus_basic,2017-07-31,0.5645262
unknown,versie_hillebrand,mg_special,2017-07-31,0.4702124
unknown,violet_mclelland,mg_special,2017-07-31,0.5790943
unknown,anna_snelling,gtx_plus_basic,2017-08-01,0.437421
unknown,anna_snelling,gtx_plus_basic,2017-08-01,0.437421
plusstrip,anna_snelling,mg_special,2017-08-01,0.313707
unknown,anna_snelling,mg_special,2017-08-01,0.44047442
unknown,cassey_cress,mg_advanced,2017-08-01,0.49871704
unknown,darcel_schlecht,gtxpro,2017-08-01,0.52570736
unknown,darcel_schlecht,gtxpro,2017-08-01,0.52570736
rundofase,darcel_schlecht,mg_special,2017-08-01,0.41950113
unknown,darcel_schlecht,mg_special,2017-08-01,0.5087538
unknown,gladys_colclough,gtx_basic,2017-08-01,0.58419067
unknown,gladys_colclough,gtx_plus_basic,2017-08-01,0.58781844
unknown,gladys_colclough,mg_special,2017-08-01,0.5358358
unknown,gladys_colclough,mg_advanced,2017-08-01,0.6143529
unknown,hayden_neloms,gtx_plus_basic,2017-08-01,0.43541574
unknown,lajuana_vencill,gtx_basic,2017-08-01,0.5217566
unknown,marty_freudenburg,gtk_500,2017-08-01,0.66065717
unknown,marty_freudenburg,gtx_plus_pro,2017-08-01,0.52905995
unknown,marty_freudenburg,gtxpro,2017-08-01,0.5353589
plussunin,moses_frase,mg_special,2017-08-01,0.46783787
rangreen,niesha_huffines,gtx_plus_basic,2017-08-01,0.4869906
zotware,niesha_huffines,gtxpro,2017-08-01,0.35433987
hatfan,versie_hillebrand,gtx_plus_pro,2017-08-01,0.27316302
cancity,versie_hillebrand,mg_special,2017-08-01,0.44965783
hatfan,versie_hillebrand,mg_special,2017-08-01,0.31475836
mathtouch,versie_hillebrand,mg_special,2017-08-01,0.33163288
unknown,versie_hillebrand,mg_special,2017-08-01,0.4702124
unknown,versie_hillebrand,mg_special,2017-08-01,0.4702124
unknown,zane_levy,mg_advanced,2017-08-01,0.6695054
unknown,jonathan_berthelot,gtx_basic,2017-08-02,0.51789945
domzoom,moses_frase,mg_advanced,2017-08-02,0.4182267
unknown,niesha_huffines,gtxpro,2017-08-02,0.57056874
unknown,versie_hillebrand,mg_special,2017-08-02,0.4702124
unknown,versie_hillebrand,mg_special,2017-08-02,0.4702124
unknown,vicki_laflamme,mg_advanced,2017-08-02,0.5361372
unknown,anna_snelling,mg_special,2017-08-03,0.44047442
ganjaflex,anna_snelling,mg_advanced,2017-08-03,0.4816978
unknown,cassey_cress,gtx_plus_pro,2017-08-03,0.48245162
unknown,cecily_lampkin,mg_advanced,2017-08-03,0.47709382
unknown,elease_gluck,gtk_500,2017-08-03,0.6326517
betatech,gladys_colclough,mg_special,2017-08-03,0.45180553
unknown,gladys_colclough,mg_special,2017-08-03,0.5358358
unknown,jonathan_berthelot,gtx_basic,2017-08-03,0.51789945
cancity,kami_bicknell,mg_special,2017-08-03,0.5062224
unknown,kary_hendrixson,gtx_basic,2017-08-03,0.58946335
unknown,lajuana_vencill,mg_special,2017-08-03,0.4686405
acme_corporation,lajuana_vencill,mg_advanced,2017-08-03,0.5534287
unknown,marty_freudenburg,mg_advanced,2017-08-03,0.5798107
umbrella_corporation,moses_frase,mg_advanced,2017-08-03,0.56500167
gogozoom,niesha_huffines,gtx_plus_basic,2017-08-03,0.62062776
unknown,niesha_huffines,mg_special,2017-08-03,0.5420769
unknown,versie_hillebrand,gtx_basic,2017-08-03,0.46512264
unknown,versie_hillebrand,mg_special,2017-08-03,0.4702124
mathtouch,vicki_laflamme,mg_special,2017-08-03,0.38586104
cancity,corliss_cosme,mg_special,2017-08-04,0.49973258
unknown,daniell_hammack,gtx_plus_basic,2017-08-04,0.5377739
unknown,darcel_schlecht,gtxpro,2017-08-04,0.52570736
unknown,darcel_schlecht,gtxpro,2017-08-04,0.52570736
unknown,gladys_colclough,mg_special,2017-08-04,0.5358358
unknown,jonathan_berthelot,gtx_plus_basic,2017-08-04,0.5245351
unknown,lajuana_vencill,gtx_basic,2017-08-04,0.5217566
condax,moses_frase,gtx_basic,2017-08-04,0.4101955
funholding,moses_frase,mg_advanced,2017-08-04,0.6295952
betasoloin,niesha_huffines,gtx_plus_basic,2017-08-04,0.54225576
unknown,violet_mclelland,mg_special,2017-08-04,0.5790943
unknown,anna_snelling,gtx_basic,2017-08-05,0.44746745
unknown,anna_snelling,gtx_plus_pro,2017-08-05,0.45388165
unknown,anna_snelling,mg_special,2017-08-05,0.44047442
unknown,anna_snelling,mg_special,2017-08-05,0.44047442
unknown,boris_faz,gtxpro,2017-08-05,0.43465102
bioholding,daniell_hammack,gtxpro,2017-08-05,0.5064239
unknown,darcel_schlecht,gtx_plus_pro,2017-08-05,0.52229935
unknown,darcel_schlecht,gtx_plus_pro,2017-08-05,0.52229935
bioplex,elease_gluck,mg_special,2017-08-05,0.40540016
betasoloin,kary_hendrixson,gtx_plus_pro,2017-08-05,0.54908323
zencorporation,moses_frase,gtx_basic,2017-08-05,0.3382728
treequote,moses_frase,gtx_plus_basic,2017-08-05,0.49001426
unknown,versie_hillebrand,mg_special,2017-08-05,0.4702124
domzoom,vicki_laflamme,mg_advanced,2017-08-05,0.49931073
unknown,boris_faz,gtx_plus_pro,2017-08-06,0.42844436
vehement_capital_partners,boris_faz,mg_special,2017-08-06,0.57726794
streethex,cecily_lampkin,mg_special,2017-08-06,0.3782536
unknown,darcel_schlecht,gtxpro,2017-08-06,0.52570736
plusstrip,gladys_colclough,gtxpro,2017-08-06,0.47300395
unknown,kami_bicknell,gtx_basic,2017-08-06,0.53711724
unknown,kary_hendrixson,gtxpro,2017-08-06,0.5855599
globex_corporation,lajuana_vencill,mg_advanced,2017-08-06,0.61032975
unknown,marty_freudenburg,gtx_plus_pro,2017-08-06,0.52905995
unknown,rosie_papadopoulos,gtx_plus_pro,2017-08-06,0.6136373
unknown,versie_hillebrand,mg_advanced,2017-08-06,0.5108981
unknown,versie_hillebrand,mg_advanced,2017-08-06,0.5108981
kan-code,anna_snelling,gtx_plus_basic,2017-08-07,0.21831079
funholding,boris_faz,gtx_basic,2017-08-07,0.5925968
unknown,markita_hansen,gtx_plus_basic,2017-08-07,0.6440866
unknown,markita_hansen,mg_advanced,2017-08-07,0.6760347
betatech,niesha_huffines,gtx_plus_basic,2017-08-07,0.44459587
unknown,niesha_huffines,gtxpro,2017-08-07,0.57056874
unknown,vicki_laflamme,gtx_basic,2017-08-07,0.5070652
unknown,cecily_lampkin,mg_advanced,2017-08-08,0.47709382
unknown,darcel_schlecht,gtxpro,2017-08-08,0.52570736
cancity,kami_bicknell,gtx_basic,2017-08-08,0.4806055
unknown,lajuana_vencill,gtx_basic,2017-08-08,0.5217566
unknown,rosie_papadopoulos,mg_advanced,2017-08-08,0.6176344
unknown,anna_snelling,gtx_plus_pro,2017-08-09,0.45388165
unknown,cassey_cress,gtx_basic,2017-08-09,0.4759856
goodsilron,darcel_schlecht,gtx_plus_basic,2017-08-09,0.43222165
unknown,darcel_schlecht,gtxpro,2017-08-09,0.52570736
unknown,jonathan_berthelot,gtx_basic,2017-08-09,0.51789945
the_new_york_inquirer,lajuana_vencill,gtx_basic,2017-08-09,0.46683487
hatfan,marty_freudenburg,gtx_plus_pro,2017-08-09,0.34443894
unknown,marty_freudenburg,mg_advanced,2017-08-09,0.5798107
unknown,vicki_laflamme,gtx_basic,2017-08-09,0.5070652
unknown,darcel_schlecht,gtx_plus_pro,2017-08-10,0.52229935
unknown,hayden_neloms,gtx_plus_basic,2017-08-10,0.43541574
plexzap,jonathan_berthelot,gtx_basic,2017-08-10,0.5159942
unknown,lajuana_vencill,gtx_plus_basic,2017-08-10,0.5115866
unknown,markita_hansen,gtx_basic,2017-08-10,0.64065135
sumace,marty_freudenburg,gtx_plus_pro,2017-08-10,0.5860476
unknown,marty_freudenburg,mg_special,2017-08-10,0.5276981
unknown,niesha_huffines,gtx_plus_basic,2017-08-10,0.5645262
faxquote,rosie_papadopoulos,gtxpro,2017-08-10,0.58678937
unknown,elease_gluck,gtx_basic,2017-08-11,0.50076246
the_new_york_inquirer,gladys_colclough,gtx_plus_pro,2017-08-11,0.5791692
unknown,markita_hansen,mg_special,2017-08-11,0.5942867
streethex,marty_freudenburg,mg_advanced,2017-08-11,0.58739716
unknown,maureen_marcano,gtx_basic,2017-08-11,0.54017377
unknown,versie_hillebrand,mg_special,2017-08-11,0.4702124
unknown,cassey_cress,gtxpro,2017-08-12,0.47650594
unknown,cecily_lampkin,mg_special,2017-08-12,0.4366966
unknown,cecily_lampkin,mg_advanced,2017-08-12,0.47709382
finjob,darcel_schlecht,mg_special,2017-08-12,0.36885312
unknown,james_ascencio,gtx_basic,2017-08-12,0.56137776
bluth_company,marty_freudenburg,gtx_basic,2017-08-12,0.55430907
unknown,maureen_marcano,gtx_plus_basic,2017-08-12,0.53294045
zoomit,moses_frase,mg_special,2017-08-12,0.29964325
unknown,moses_frase,mg_special,2017-08-12,0.4306588
unknown,moses_frase,mg_special,2017-08-12,0.4306588
gekko_&_co,versie_hillebrand,mg_special,2017-08-12,0.351467
unknown,vicki_laflamme,gtx_basic,2017-08-12,0.5070652
unknown,vicki_laflamme,gtx_basic,2017-08-12,0.5070652
unknown,vicki_laflamme,gtx_plus_pro,2017-08-12,0.5135397
cancity,vicki_laflamme,gtxpro,2017-08-12,0.4696318
unknown,violet_mclelland,gtx_basic,2017-08-12,0.6242017
unknown,corliss_cosme,mg_advanced,2017-08-13,0.6340179
unknown,darcel_schlecht,gtx_plus_basic,2017-08-13,0.5195651
unknown,gladys_colclough,gtx_basic,2017-08-13,0.58419067
unknown,hayden_neloms,gtx_plus_basic,2017-08-13,0.43541574
unknown,hayden_neloms,gtx_plus_pro,2017-08-13,0.4352482
kan-code,kary_hendrixson,gtx_plus_pro,2017-08-13,0.2856136
unknown,lajuana_vencill,gtx_basic,2017-08-13,0.5217566
initech,lajuana_vencill,mg_special,2017-08-13,0.49684012
unknown,markita_hansen,mg_advanced,2017-08-13,0.6760347
unknown,marty_freudenburg,gtx_plus_basic,2017-08-13,0.5292297
unknown,marty_freudenburg,gtxpro,2017-08-13,0.5353589
unknown,maureen_marcano,mg_special,2017-08-13,0.5315011
unknown,moses_frase,mg_advanced,2017-08-13,0.4775531
unknown,anna_snelling,gtx_plus_basic,2017-08-14,0.437421
bioholding,anna_snelling,gtx_plus_pro,2017-08-14,0.39836246
unknown,anna_snelling,mg_special,2017-08-14,0.44047442
unknown,anna_snelling,mg_special,2017-08-14,0.44047442
unknown,cassey_cress,gtxpro,2017-08-14,0.47650594
unknown,darcel_schlecht,gtxpro,2017-08-14,0.52570736
unknown,darcel_schlecht,gtxpro,2017-08-14,0.52570736
unknown,elease_gluck,mg_special,2017-08-14,0.49027997
unknown,hayden_neloms,mg_advanced,2017-08-14,0.4928956
unknown,jonathan_berthelot,gtx_basic,2017-08-14,0.51789945
unknown,jonathan_berthelot,gtx_plus_basic,2017-08-14,0.5245351
unknown,jonathan_berthelot,gtxpro,2017-08-14,0.5306712
plussunin,lajuana_vencill,mg_advanced,2017-08-14,0.65128046
singletechno,marty_freudenburg,mg_advanced,2017-08-14,0.6018592
unknown,maureen_marcano,gtxpro,2017-08-14,0.5390634
unknown,rosie_papadopoulos,gtxpro,2017-08-14,0.59462655
iselectrics,vicki_laflamme,mg_advanced,2017-08-14,0.52513856
unknown,wilburn_farren,mg_advanced,2017-08-14,0.6273222
unknown,anna_snelling,mg_special,2017-08-15,0.44047442
unknown,cassey_cress,mg_advanced,2017-08-15,0.49871704
unknown,james_ascencio,mg_advanced,2017-08-15,0.60589546
unknown,lajuana_vencill,gtx_basic,2017-08-15,0.5217566
unknown,markita_hansen,gtx_plus_pro,2017-08-15,0.64659417
unknown,niesha_huffines,gtx_plus_basic,2017-08-15,0.5645262
unknown,niesha_huffines,gtxpro,2017-08-15,0.57056874
finhigh,versie_hillebrand,mg_special,2017-08-15,0.5605437
unknown,vicki_laflamme,gtxpro,2017-08-15,0.5169524
green-plus,zane_levy,gtxpro,2017-08-15,0.7009952
stanredtax,boris_faz,gtx_plus_basic,2017-08-16,0.4099777
unknown,vicki_laflamme,mg_special,2017-08-16,0.49658194
unknown,cassey_cress,gtx_basic,2017-08-17,0.4759856
rantouch,cassey_cress,gtx_plus_basic,2017-08-17,0.50997883
unknown,daniell_hammack,gtxpro,2017-08-17,0.54388773
unknown,daniell_hammack,gtxpro,2017-08-17,0.54388773
ganjaflex,rosalina_dieter,mg_special,2017-08-17,0.4254077
hatfan,violet_mclelland,mg_special,2017-08-17,0.37263167
unknown,corliss_cosme,mg_advanced,2017-08-18,0.6340179
unknown,kami_bicknell,gtxpro,2017-08-18,0.53600585
unknown,kary_hendrixson,gtx_basic,2017-08-18,0.58946335
donquadtech,maureen_marcano,gtx_basic,2017-08-18,0.44009405
unknown,vicki_laflamme,mg_advanced,2017-08-18,0.5361372
unknown,daniell_hammack,mg_special,2017-08-19,0.5066864
kan-code,maureen_marcano,gtx_plus_basic,2017-08-19,0.3012295
unknown,kary_hendrixson,gtx_basic,2017-08-20,0.58946335
labdrill,kary_hendrixson,gtx_plus_basic,2017-08-20,0.43491977
unknown,maureen_marcano,gtxpro,2017-08-20,0.5390634
mathtouch,vicki_laflamme,mg_special,2017-08-20,0.38586104
condax,boris_faz,gtx_plus_basic,2017-08-21,0.39851603
unknown,kami_bicknell,gtx_plus_basic,2017-08-21,0.5298777
unknown,markita_hansen,mg_special,2017-08-21,0.5942867
xx-holding,rosalina_dieter,mg_special,2017-08-21,0.53964406
unknown,vicki_laflamme,mg_special,2017-08-21,0.49658194
unknown,cassey_cress,mg_advanced,2017-08-22,0.49871704
unknown,wilburn_farren,mg_advanced,2017-08-22,0.6273222
unknown,zane_levy,gtx_plus_basic,2017-08-22,0.6355278
unknown,zane_levy,gtxpro,2017-08-22,0.6413898
unknown,boris_faz,mg_advanced,2017-08-23,0.47936776
unknown,daniell_hammack,gtxpro,2017-08-23,0.54388773
lexiqvolax,kami_bicknell,gtx_basic,2017-08-23,0.5775063
unknown,vicki_laflamme,gtx_basic,2017-08-23,0.5070652
isdom,vicki_laflamme,mg_special,2017-08-23,0.5328698
unknown,violet_mclelland,gtxpro,2017-08-23,0.6204159
unknown,cassey_cress,gtxpro,2017-08-24,0.47650594
stanredtax,daniell_hammack,gtx_plus_basic,2017-08-24,0.53510755
unknown,daniell_hammack,gtx_plus_pro,2017-08-24,0.5404962
unknown,kami_bicknell,gtxpro,2017-08-24,0.53600585
unknown,zane_levy,gtx_basic,2017-08-24,0.64490837
unknown,corliss_cosme,gtx_plus_pro,2017-08-25,0.60914236
scottech,daniell_hammack,gtx_plus_basic,2017-08-25,0.48187968
unknown,markita_hansen,gtx_plus_basic,2017-08-25,0.6440866
vehement_capital_partners,violet_mclelland,mg_special,2017-08-25,0.6404621
labdrill,zane_levy,gtx_plus_basic,2017-08-25,0.49720135
condax,zane_levy,gtxpro,2017-08-25,0.5980942
unknown,daniell_hammack,gtx_plus_basic,2017-08-26,0.5377739
labdrill,kami_bicknell,gtx_plus_pro,2017-08-26,0.38457027
unknown,rosalina_dieter,mg_special,2017-08-26,0.5127992
unknown,zane_levy,gtxpro,2017-08-26,0.6413898
y-corporation,cassey_cress,gtx_plus_basic,2017-08-27,0.34296936
lexiqvolax,corliss_cosme,gtx_plus_pro,2017-08-27,0.5689902
unknown,kami_bicknell,gtxpro,2017-08-27,0.53600585
unknown,kami_bicknell,mg_special,2017-08-27,0.5284373
unknown,zane_levy,gtx_basic,2017-08-27,0.64490837
unknown,zane_levy,gtx_basic,2017-08-27,0.64490837
unknown,elease_gluck,gtxpro,2017-08-28,0.5106541
rantouch,cassey_cress,gtx_plus_basic,2017-08-29,0.50997883
iselectrics,markita_hansen,mg_advanced,2017-08-29,0.6810744
unknown,violet_mclelland,gtx_basic,2017-08-29,0.6242017
unknown,cassey_cress,mg_special,2017-08-30,0.47720602
unknown,markita_hansen,mg_special,2017-08-30,0.5942867
unknown,rosalina_dieter,mg_special,2017-08-30,0.5127992
unknown,violet_mclelland,mg_special,2017-08-30,0.5790943
unknown,boris_faz,gtx_basic,2017-08-31,0.42211175
opentech,kami_bicknell,gtxpro,2017-08-31,0.56640404
finhigh,kary_hendrixson,gtx_basic,2017-08-31,0.67414576
unknown,kary_hendrixson,gtxpro,2017-08-31,0.5855599
unknown,maureen_marcano,gtx_plus_basic,2017-08-31,0.53294045
unknown,rosie_papadopoulos,gtx_basic,2017-08-31,0.60747683
unknown,vicki_laflamme,gtx_basic,2017-08-31,0.5070652
unknown,zane_levy,gtx_basic,2017-08-31,0.64490837
zotware,cassey_cress,gtxpro,2017-09-01,0.29625368
goodsilron,corliss_cosme,gtx_plus_pro,2017-09-01,0.40921086
unknown,elease_gluck,mg_special,2017-09-01,0.49027997
unknown,james_ascencio,gtx_plus_pro,2017-09-01,0.567747
plexzap,elease_gluck,gtx_plus_pro,2017-09-02,0.53206
unknown,zane_levy,gtx_plus_pro,2017-09-02,0.6508191
unknown,cassey_cress,gtx_basic,2017-09-03,0.4759856
unknown,elease_gluck,mg_special,2017-09-03,0.49027997
unknown,hayden_neloms,gtx_plus_basic,2017-09-03,0.43541574
finhigh,hayden_neloms,mg_special,2017-09-03,0.54744583
unknown,kary_hendrixson,gtx_plus_pro,2017-09-03,0.5957185
unknown,vicki_laflamme,mg_special,2017-09-03,0.49658194
unknown,violet_mclelland,gtx_basic,2017-09-03,0.6242017
unknown,corliss_cosme,gtxpro,2017-09-04,0.601886
unknown,violet_mclelland,gtx_plus_basic,2017-09-04,0.614601
unknown,zane_levy,gtx_basic,2017-09-04,0.64490837
unknown,zane_levy,mg_advanced,2017-09-04,0.6695054
unknown,boris_faz,gtxpro,2017-09-05,0.43465102
konmatfix,hayden_neloms,gtx_plus_pro,2017-09-05,0.35277116
unknown,kami_bicknell,gtx_basic,2017-09-05,0.53711724
bioplex,maureen_marcano,gtx_basic,2017-09-05,0.40335238
unknown,cassey_cress,gtx_basic,2017-09-06,0.4759856
ontomedia,cassey_cress,gtx_plus_basic,2017-09-06,0.35531327
unknown,daniell_hammack,gtx_basic,2017-09-06,0.53405493
unknown,kami_bicknell,gtx_basic,2017-09-06,0.53711724
iselectrics,kary_hendrixson,gtx_basic,2017-09-06,0.5426163
unknown,violet_mclelland,mg_special,2017-09-06,0.5790943
groovestreet,zane_levy,mg_special,2017-09-06,0.59905
unknown,boris_faz,gtx_plus_basic,2017-09-07,0.42861125
iselectrics,rosalina_dieter,mg_special,2017-09-07,0.4839808
nam-zim,zane_levy,gtx_basic,2017-09-07,0.5245297
unknown,james_ascencio,gtxpro,2017-09-08,0.5602769
unknown,james_ascencio,mg_advanced,2017-09-08,0.60589546
unknown,maureen_marcano,mg_special,2017-09-08,0.5315011
initech,james_ascencio,gtx_plus_basic,2017-09-09,0.4476045
unknown,markita_hansen,gtx_plus_basic,2017-09-09,0.6440866
unknown,hayden_neloms,mg_advanced,2017-09-10,0.4928956
unknown,james_ascencio,gtxpro,2017-09-10,0.5602769
unknown,kami_bicknell,gtxpro,2017-09-10,0.53600585
bubba_gump,rosalina_dieter,mg_special,2017-09-10,0.50451887
unknown,rosalina_dieter,mg_special,2017-09-10,0.5127992
unknown,zane_levy,gtxpro,2017-09-10,0.6413898
unknown,corliss_cosme,gtx_basic,2017-09-11,0.60295653
unknown,corliss_cosme,gtxpro,2017-09-11,0.601886
unknown,james_ascencio,gtx_plus_pro,2017-09-11,0.567747
unknown,rosalina_dieter,mg_special,2017-09-11,0.5127992
sonron,rosie_papadopoulos,gtxpro,2017-09-11,0.59523827
j-texon,zane_levy,gtx_plus_basic,2017-09-11,0.6102185
unknown,cassey_cress,gtx_basic,2017-09-12,0.4759856
genco_pura_olive_oil_company,vicki_laflamme,gtx_basic,2017-09-12,0.41892052
zoomit,vicki_laflamme,gtx_plus_basic,2017-09-12,0.39435717
unknown,violet_mclelland,mg_advanced,2017-09-12,0.6400914
unknown,cassey_cress,gtx_plus_basic,2017-09-13,0.47036847
unknown,daniell_hammack,gtxpro,2017-09-13,0.54388773
unknown,vicki_laflamme,mg_special,2017-09-13,0.49658194
unknown,maureen_marcano,gtx_plus_pro,2017-09-14,0.5466023
unknown,zane_levy,gtx_basic,2017-09-14,0.64490837
unknown,corliss_cosme,gtx_basic,2017-09-15,0.60295653
unknown,maureen_marcano,gtx_plus_basic,2017-09-15,0.53294045
unknown,wilburn_farren,mg_advanced,2017-09-15,0.6273222
unknown,cassey_cress,gtx_plus_pro,2017-09-16,0.48245162
unknown,vicki_laflamme,gtx_plus_pro,2017-09-16,0.5135397
unknown,boris_faz,gtx_plus_basic,2017-09-17,0.42861125
unknown,kami_bicknell,gtx_basic,2017-09-17,0.53711724
donware,maureen_marcano,mg_advanced,2017-09-17,0.5534873
unknown,james_ascencio,mg_advanced,2017-09-18,0.60589546
unknown,kary_hendrixson,gtx_basic,2017-09-18,0.58946335
unknown,maureen_marcano,mg_advanced,2017-09-18,0.58888155
initech,zane_levy,gtx_plus_pro,2017-09-18,0.59098446
toughzap,zane_levy,mg_special,2017-09-18,0.5588712
unknown,corliss_cosme,gtx_plus_pro,2017-09-19,0.60914236
unknown,maureen_marcano,gtx_plus_basic,2017-09-19,0.53294045
unknown,rosie_papadopoulos,mg_advanced,2017-09-19,0.6176344
toughzap,boris_faz,mg_advanced,2017-09-20,0.46211687
unknown,elease_gluck,gtx_plus_pro,2017-09-20,0.5072393
unknown,elease_gluck,mg_special,2017-09-20,0.49027997
unknown,kami_bicknell,gtxpro,2017-09-20,0.53600585
dalttechnology,rosalina_dieter,gtx_plus_basic,2017-09-20,0.42137036
zumgoity,vicki_laflamme,mg_special,2017-09-20,0.3924968
unknown,vicki_laflamme,mg_advanced,2017-09-20,0.5361372
unknown,zane_levy,gtxpro,2017-09-20,0.6413898
unknown,daniell_hammack,gtxpro,2017-09-21,0.54388773
unknown,daniell_hammack,gtx_plus_pro,2017-09-22,0.5404962
labdrill,elease_gluck,mg_advanced,2017-09-22,0.48175716
unknown,kami_bicknell,gtx_basic,2017-09-23,0.53711724
kan-code,kami_bicknell,gtxpro,2017-09-23,0.28141665
unknown,vicki_laflamme,mg_advanced,2017-09-23,0.5361372
betasoloin,james_ascencio,mg_special,2017-09-25,0.5053207
unknown,rosalina_dieter,gtxpro,2017-09-25,0.5070538
unknown,corliss_cosme,gtxpro,2017-09-26,0.601886
unknown,markita_hansen,gtx_plus_basic,2017-09-26,0.6440866
unknown,james_ascencio,gtxpro,2017-09-27,0.5602769
betasoloin,rosalina_dieter,gtk_500,2017-09-27,0.67852104
unknown,markita_hansen,gtxpro,2017-09-28,0.6498867
unknown,wilburn_farren,gtx_plus_pro,2017-09-28,0.61192876
unknown,daniell_hammack,gtx_plus_basic,2017-09-29,0.5377739
unknown,rosie_papadopoulos,gtxpro,2017-09-29,0.59462655
unknown,vicki_laflamme,mg_special,2017-09-29,0.49658194
unknown,james_ascencio,gtx_plus_pro,2017-09-30,0.567747
unknown,kary_hendrixson,gtx_basic,2017-09-30,0.58946335
unknown,maureen_marcano,gtx_plus_pro,2017-09-30,0.5466023
treequote,vicki_laflamme,gtx_plus_pro,2017-09-30,0.5798163
scotfind,cassey_cress,gtx_basic,2017-10-01,0.3774987
cheers,cassey_cress,gtx_plus_basic,2017-10-01,0.44402513
xx-zobam,daniell_hammack,gtx_plus_basic,2017-10-01,0.6212253
acme_corporation,markita_hansen,mg_special,2017-10-01,0.6550521
unknown,wilburn_farren,gtx_plus_pro,2017-10-01,0.61192876
unknown,kary_hendrixson,gtx_basic,2017-10-03,0.58946335
unknown,vicki_laflamme,gtx_plus_pro,2017-10-03,0.5135397
unknown,boris_faz,mg_advanced,2017-10-04,0.47936776
unknown,corliss_cosme,gtx_basic,2017-10-04,0.60295653
unknown,daniell_hammack,gtx_plus_basic,2017-10-04,0.5377739
gogozoom,wilburn_farren,gtxpro,2017-10-04,0.5641988
unknown,elease_gluck,mg_special,2017-10-05,0.49027997
unknown,kary_hendrixson,gtxpro,2017-10-05,0.5855599
unknown,daniell_hammack,mg_advanced,2017-10-06,0.56290734
unknown,elease_gluck,mg_special,2017-10-06,0.49027997
unknown,kami_bicknell,gtx_plus_basic,2017-10-08,0.5298777
unknown,markita_hansen,mg_special,2017-10-08,0.5942867
unknown,zane_levy,mg_special,2017-10-08,0.58579355
unknown,daniell_hammack,gtxpro,2017-10-09,0.54388773
unknown,markita_hansen,mg_special,2017-10-09,0.5942867
unknown,markita_hansen,mg_special,2017-10-11,0.5942867
zoomit,rosalina_dieter,mg_advanced,2017-10-11,0.4766338
silis,zane_levy,gtx_basic,2017-10-11,0.83529717
unknown,corliss_cosme,gtx_plus_basic,2017-10-12,0.5959721
unknown,kami_bicknell,gtx_plus_basic,2017-10-13,0.5298777
hottechi,kary_hendrixson,gtx_basic,2017-10-13,0.5097585
unknown,markita_hansen,gtx_basic,2017-10-13,0.64065135
unknown,vicki_laflamme,gtx_plus_pro,2017-10-14,0.5135397
toughzap,cassey_cress,gtxpro,2017-10-15,0.45178303
unknown,violet_mclelland,gtx_basic,2017-10-16,0.6242017
unknown,violet_mclelland,gtx_plus_basic,2017-10-16,0.614601
unknown,kami_bicknell,gtx_plus_basic,2017-10-17,0.5298777
unknown,kami_bicknell,gtxpro,2017-10-17,0.53600585
unknown,rosalina_dieter,mg_special,2017-10-18,0.5127992
unknown,james_ascencio,gtx_plus_pro,2017-10-19,0.567747
unknown,kami_bicknell,gtxpro,2017-10-19,0.53600585
unknown,kary_hendrixson,mg_advanced,2017-10-19,0.6058944
unknown,markita_hansen,mg_special,2017-10-19,0.5942867
unknown,markita_hansen,mg_special,2017-10-19,0.5942867
unknown,maureen_marcano,gtx_plus_basic,2017-10-19,0.53294045
fasehatice,kami_bicknell,gtx_basic,2017-10-20,0.505362
konex,rosie_papadopoulos,gtxpro,2017-10-20,0.39418462
unknown,rosalina_dieter,gtx_basic,2017-10-22,0.5065323
rangreen,kary_hendrixson,gtx_plus_pro,2017-10-23,0.3941809
unknown,vicki_laflamme,gtx_plus_pro,2017-10-23,0.5135397
unknown,corliss_cosme,mg_special,2017-10-24,0.5735737
unknown,wilburn_farren,gtx_basic,2017-10-24,0.6057584
unknown,corliss_cosme,gtx_basic,2017-10-25,0.60295653
unknown,maureen_marcano,mg_advanced,2017-10-25,0.58888155
unknown,vicki_laflamme,gtx_basic,2017-10-26,0.5070652
gogozoom,zane_levy,gtxpro,2017-10-26,0.70600206
unknown,kami_bicknell,gtx_plus_pro,2017-10-28,0.5435524
xx-holding,kary_hendrixson,gtx_basic,2017-10-28,0.5745168
acme_corporation,daniell_hammack,gtx_plus_basic,2017-10-30,0.59443057
unknown,hayden_neloms,mg_special,2017-10-30,0.43056634
unknown,elease_gluck,mg_special,2017-10-31,0.49027997
unknown,james_ascencio,gtxpro,2017-10-31,0.5602769
unknown,wilburn_farren,gtx_plus_pro,2017-10-31,0.61192876
unknown,violet_mclelland,mg_special,2017-11-01,0.5790943
unknown,corliss_cosme,mg_special,2017-11-02,0.5735737
unknown,markita_hansen,gtxpro,2017-11-02,0.6498867
unknown,kami_bicknell,gtx_basic,2017-11-03,0.53711724
zoomit,markita_hansen,gtx_plus_basic,2017-11-03,0.58535016
inity,cassey_cress,gtxpro,2017-11-04,0.26740664
zencorporation,kary_hendrixson,gtxpro,2017-11-04,0.4619485
unknown,markita_hansen,gtxpro,2017-11-04,0.6498867
unknown,maureen_marcano,gtx_plus_pro,2017-11-04,0.5466023
unknown,zane_levy,gtx_basic,2017-11-04,0.64490837
unknown,cassey_cress,mg_special,2017-11-05,0.47720602
unknown,corliss_cosme,mg_advanced,2017-11-05,0.6340179
iselectrics,daniell_hammack,gtx_basic,2017-11-05,0.50073564
unknown,james_ascencio,gtx_plus_pro,2017-11-05,0.567747
unknown,rosie_papadopoulos,gtxpro,2017-11-05,0.59462655
bluth_company,boris_faz,gtx_plus_pro,2017-11-06,0.5064663
golddex,kary_hendrixson,gtx_basic,2017-11-06,0.6419321
unknown,violet_mclelland,mg_special,2017-11-06,0.5790943
unknown,corliss_cosme,gtxpro,2017-11-07,0.601886
unknown,wilburn_farren,gtx_plus_basic,2017-11-08,0.59879047
unknown,boris_faz,gtx_basic,2017-11-09,0.42211175
unknown,vicki_laflamme,gtxpro,2017-11-09,0.5169524
unknown,rosalina_dieter,mg_special,2017-11-10,0.5127992
unknown,maureen_marcano,gtx_plus_basic,2017-11-13,0.53294045
cancity,daniell_hammack,gtx_plus_basic,2017-11-14,0.5325428
scotfind,kami_bicknell,mg_special,2017-11-15,0.41707668
unknown,boris_faz,mg_advanced,2017-11-16,0.47936776
unknown,maureen_marcano,gtx_plus_basic,2017-11-16,0.53294045
unknown,cassey_cress,gtx_plus_basic,2017-11-20,0.47036847
unknown,violet_mclelland,mg_special,2017-11-20,0.5790943
goodsilron,zane_levy,gtx_basic,2017-11-22,0.57785535
warephase,kary_hendrixson,gtx_plus_basic,2017-11-23,0.4341458
unknown,vicki_laflamme,mg_special,2017-11-23,0.49658194
kan-code,violet_mclelland,mg_special,2017-11-23,0.27216882
newex,kary_hendrixson,gtxpro,2017-11-24,0.38396424
unknown,rosalina_dieter,mg_special,2017-11-27,0.5127992
inity,zane_levy,gtx_basic,2017-11-27,0.39108032
unknown,zane_levy,gtx_plus_basic,2017-11-28,0.6355278
unknown,corliss_cosme,gtx_plus_pro,2017-11-30,0.60914236
unknown,kami_bicknell,gtx_basic,2017-12-01,0.53711724
unknown,violet_mclelland,mg_special,2017-12-05,0.5790943
unknown,zane_levy,gtx_plus_basic,2017-12-07,0.6355278
unknown,kary_hendrixson,gtx_plus_basic,2017-12-08,0.579573
unknown,maureen_marcano,gtx_basic,2017-12-09,0.54017377
the_new_york_inquirer,zane_levy,gtx_plus_pro,2017-12-10,0.59933734
xx-holding,cassey_cress,gtx_plus_basic,2017-12-13,0.5297856
unknown,elease_gluck,gtx_plus_basic,2017-12-13,0.5045007
lexiqvolax,markita_hansen,mg_advanced,2017-12-13,0.76319283
bioholding,daniell_hammack,gtx_plus_basic,2017-12-15,0.5002693
bioplex,zane_levy,gtx_basic,2017-12-15,0.5310404
conecom,kary_hendrixson,gtxpro,2017-12-17,0.5188886
unknown,violet_mclelland,mg_special,2017-12-17,0.5790943
unknown,boris_faz,gtxpro,2017-12-19,0.43465102
silis,hayden_neloms,mg_special,2017-12-20,0.7598346
unknown,wilburn_farren,gtx_plus_basic,2017-12-20,0.59879047
unknown,cassey_cress,gtx_plus_pro,2017-12-21,0.48245162
unknown,elease_gluck,mg_special,2017-12-22,0.49027997
